Picture Count,Run Number,Stock #,Year,Make,Model,Style,Color,Odometer,CR,Grade,Sale Date,Lane,Price,upload_date,auction
28,2-0001,71335,2008,Acura,MDX,Tech/Pwr Tail Gate,WHITE,281851,Yes,2.6,2026-04-29,2,1000.0,2026-04-29 11:41:52,UAX Memphis
36,2-0041,65798,2008,Acura,RDX,Tech Pkg,GRAY,257473,Yes,3.3,2026-04-29,2,2000.0,2026-04-29 11:41:52,UAX Memphis
25,9-0504,69281,2014,Audi,A6,3.0T Premium Plus,SILVER,124621,Yes,0.0,2026-04-29,9,2400.0,2026-04-29 11:41:52,UAX Memphis
22,9-0556,70348,2015,Audi,Q5,Premium Plus,WHITE,195667,Yes,0.0,2026-04-29,9,1100.0,2026-04-29 11:41:52,UAX Memphis
23,1-0058,71650,2009,Audi,Q7,quattro 4dr 3.6L,BLACK,115529,Yes,1.9,2026-04-29,1,2300.0,2026-04-29 11:41:52,UAX Memphis
5,9-0631,71220,2013,BMW,1-Series,128i,BLACK,1,Yes,,2026-04-29,9,1000.0,2026-04-29 11:41:52,UAX Memphis
24,5-0037,70490,2021,BMW,3-Series,330i,BLACK,86660,Yes,3.7,2026-04-29,5,15250.0,2026-04-29 11:41:52,UAX Memphis
21,10-0024,71586,2018,BMW,X1,XDrive28i,GRAY,119077,Yes,4.4,2026-04-29,10,6100.0,2026-04-29 11:41:52,UAX Memphis
23,4-0077,66978,2020,Buick,Enclave,Essence,WHITE,141254,Yes,3.0,2026-04-29,4,6500.0,2026-04-29 11:41:52,UAX Memphis
14,3-0014,67777,2015,Buick,Enclave,Premium,GRAY,205114,Yes,2.6,2026-04-29,3,1600.0,2026-04-29 11:41:52,UAX Memphis
26,2-0004,71330,2011,Buick,Enclave,CXL-2,WHITE,154813,Yes,3.9,2026-04-29,2,2000.0,2026-04-29 11:41:52,UAX Memphis
30,3-0049,68673,2020,Buick,Encore,Preferred,RED,102746,Yes,3.5,2026-04-29,3,8000.0,2026-04-29 11:41:52,UAX Memphis
32,2-0077,71533,2018,Buick,Encore,Preferred,BLUE,123187,Yes,3.5,2026-04-29,2,4500.0,2026-04-29 11:41:52,UAX Memphis
18,4-0012,71536,2011,Buick,LaCrosse,CXS,WHITE,61594,Yes,4.7,2026-04-29,4,6200.0,2026-04-29 11:41:52,UAX Memphis
22,9-0523,69321,2015,Buick,Verano,Convenience Group,WHITE,189053,Yes,0.0,2026-04-29,9,550.0,2026-04-29 11:41:52,UAX Memphis
28,9-0512,69397,2014,Buick,Verano,Convenience Group,BLACK,162394,Yes,0.0,2026-04-29,9,550.0,2026-04-29 11:41:52,UAX Memphis
30,3-0080,69871,2013,Cadillac,SRX,Luxury Collection,BLACK,103178,Yes,2.0,2026-04-29,3,3600.0,2026-04-29 11:41:52,UAX Memphis
11,2-0086,71668,2023,Chevrolet,Blazer,LT,BLACK,27237,Yes,4.9,2026-04-29,2,21000.0,2026-04-29 11:41:52,UAX Memphis
23,2-0091,71208,2019,Chevrolet,Blazer,4dr w/2LT,WHITE,140489,Yes,4.1,2026-04-29,2,7800.0,2026-04-29 11:41:52,UAX Memphis
22,5-0020,68971,2017,Chevrolet,Camaro,1LT,BLUE,64842,Yes,4.8,2026-04-29,5,15500.0,2026-04-29 11:41:52,UAX Memphis
22,4-0009,71538,2016,Chevrolet,Camaro,1LT,WHITE,148794,Yes,4.5,2026-04-29,4,8400.0,2026-04-29 11:41:52,UAX Memphis
34,3-0078,70262,2017,Chevrolet,Cruze,LT,BLUE,94248,Yes,3.3,2026-04-29,3,5100.0,2026-04-29 11:41:52,UAX Memphis
6,9-0591,71631,2015,Chevrolet,Cruze,LT,SILVER,170945,Yes,,2026-04-29,9,850.0,2026-04-29 11:41:52,UAX Memphis
7,9-0618,70253,2014,Chevrolet,Cruze,1LT,GREEN,136419,Yes,,2026-04-29,9,650.0,2026-04-29 11:41:52,UAX Memphis
34,9-0513,67747,2014,Chevrolet,Cruze,2LT,RED,163172,Yes,0.0,2026-04-29,9,500.0,2026-04-29 11:41:52,UAX Memphis
42,9-0516,69299,2020,Chevrolet,Equinox,LT,BLACK,169666,Yes,0.0,2026-04-29,9,2700.0,2026-04-29 11:41:52,UAX Memphis
25,9-0546,68359,2018,Chevrolet,Equinox,LS,WHITE,202290,Yes,1.0,2026-04-29,9,1300.0,2026-04-29 11:41:52,UAX Memphis
17,3-0021,67181,2018,Chevrolet,Equinox,LT,RED,130785,Yes,1.3,2026-04-29,3,4900.0,2026-04-29 11:41:52,UAX Memphis
19,2-0074,71529,2017,Chevrolet,Equinox,Premier,WHITE,87212,Yes,4.2,2026-04-29,2,10000.0,2026-04-29 11:41:52,UAX Memphis
30,9-0522,69340,2015,Chevrolet,Equinox,LS,BLACK,188935,Yes,0.0,2026-04-29,9,500.0,2026-04-29 11:41:52,UAX Memphis
18,10-0006,71639,2015,Chevrolet,Equinox,LT,WHITE,175556,Yes,,2026-04-29,10,2000.0,2026-04-29 11:41:52,UAX Memphis
28,3-0091,68022,2015,Chevrolet,Equinox,LT,WHITE,181762,Yes,2.0,2026-04-29,3,1800.0,2026-04-29 11:41:52,UAX Memphis
23,9-0604,71305,2015,Chevrolet,Equinox,LT,SILVER,147224,Yes,2.1,2026-04-29,9,1050.0,2026-04-29 11:41:52,UAX Memphis
25,9-0537,68768,2013,Chevrolet,Equinox,LS,WHITE,109650,Yes,1.4,2026-04-29,9,750.0,2026-04-29 11:41:52,UAX Memphis
23,4-0022,71595,2021,Chevrolet,Express Cargo,"Van 2500 135""",WHITE,128861,Yes,3.2,2026-04-29,4,11800.0,2026-04-29 11:41:52,UAX Memphis
3,2-0062,71608,2004,Chevrolet,G3500 Vans,C6Y,WHITE,211241,Yes,,2026-04-29,2,3900.0,2026-04-29 11:41:52,UAX Memphis
30,3-0067,67098,2019,Chevrolet,Impala,Premier,SILVER,99228,Yes,2.9,2026-04-29,3,9000.0,2026-04-29 11:41:52,UAX Memphis
18,1-0042,71623,2016,Chevrolet,Impala,LTZ,BLACK,177517,Yes,,2026-04-29,1,3200.0,2026-04-29 11:41:52,UAX Memphis
5,9-0561,71633,2009,Chevrolet,Impala,3.9L LT,RED,204664,Yes,,2026-04-29,9,500.0,2026-04-29 11:41:52,UAX Memphis
33,3-0076,69885,2014,Chevrolet,Impala Limited,LT,BLACK,89406,Yes,3.1,2026-04-29,3,3000.0,2026-04-29 11:41:52,UAX Memphis
27,3-0039,70338,2024,Chevrolet,Malibu,LT,GRAY,30382,Yes,4.2,2026-04-29,3,18200.0,2026-04-29 11:41:52,UAX Memphis
20,4-0013,71540,2019,Chevrolet,Malibu,LS,SILVER,149261,Yes,4.1,2026-04-29,4,5400.0,2026-04-29 11:41:52,UAX Memphis
32,3-0055,66008,2019,Chevrolet,Malibu,LT,WHITE,133913,Yes,2.9,2026-04-29,3,5000.0,2026-04-29 11:41:52,UAX Memphis
26,9-0514,69469,2018,Chevrolet,Malibu,LT,SILVER,165106,Yes,0.0,2026-04-29,9,2400.0,2026-04-29 11:41:52,UAX Memphis
21,2-0006,61702,2017,Chevrolet,Malibu,LS,SILVER,153455,Yes,3.8,2026-04-29,2,3600.0,2026-04-29 11:41:52,UAX Memphis
28,9-0603,71304,2016,Chevrolet,Malibu,LT,GRAY,168349,Yes,1.6,2026-04-29,9,1050.0,2026-04-29 11:41:52,UAX Memphis
20,4-0201,71545,2016,Chevrolet,Malibu,LT,BLUE,86688,Yes,3.8,2026-04-29,4,7000.0,2026-04-29 11:41:52,UAX Memphis
27,2-0027,71470,2014,Chevrolet,Malibu,LT,BLACK,169308,Yes,3.6,2026-04-29,2,3100.0,2026-04-29 11:41:52,UAX Memphis
0,6-0008,71480,2023,Chevrolet,Silverado 1500,LT Trail Boss,WHITE,93416,Yes,,2026-04-29,6,30000.0,2026-04-29 11:41:52,UAX Memphis
18,2-0034,71656,2021,Chevrolet,Silverado 1500,LT Trail Boss,WHITE,161995,Yes,,2026-04-29,2,21000.0,2026-04-29 11:41:52,UAX Memphis
21,10-0008,71558,2024,Chevrolet,Silverado 2500,2500HD LT,WHITE,43126,Yes,4.6,2026-04-29,10,47500.0,2026-04-29 11:41:52,UAX Memphis
28,5-0088,68040,2016,Chevrolet,Sonic,LT,GRAY,130490,Yes,3.1,2026-04-29,5,1000.0,2026-04-29 11:41:52,UAX Memphis
28,3-0062,69372,2021,Chevrolet,Tahoe,LT,GRAY,93337,Yes,1.9,2026-04-29,3,26400.0,2026-04-29 11:41:52,UAX Memphis
35,5-0041,71062,2019,Chevrolet,Tahoe,LS,BLACK,120858,Yes,3.6,2026-04-29,5,14600.0,2026-04-29 11:41:52,UAX Memphis
29,9-0557,70402,2017,Chevrolet,Tahoe,LS,BLUE,138872,Yes,0.0,2026-04-29,9,6800.0,2026-04-29 11:41:52,UAX Memphis
0,6-0003,71411,2017,Chevrolet,Tahoe,Premier,BLACK,121474,Yes,,2026-04-29,6,19500.0,2026-04-29 11:41:52,UAX Memphis
17,1-0054,71577,2002,Chevrolet,Tahoe,Z71,BLACK,1,Yes,,2026-04-29,1,1500.0,2026-04-29 11:41:52,UAX Memphis
18,2-0079,71583,2017,Chevrolet,Traverse,LT,BLUE,119144,Yes,3.7,2026-04-29,2,4050.0,2026-04-29 11:41:52,UAX Memphis
43,3-0079,67993,2021,Chevrolet,Trax,LS,BLACK,95286,Yes,1.5,2026-04-29,3,3300.0,2026-04-29 11:41:52,UAX Memphis
33,3-0081,69485,2020,Chevrolet,Trax,LS,SILVER,103339,Yes,1.4,2026-04-29,3,2800.0,2026-04-29 11:41:52,UAX Memphis
21,9-0601,71303,2019,Chevrolet,Trax,LT,WHITE,1,Yes,3.5,2026-04-29,9,550.0,2026-04-29 11:41:52,UAX Memphis
21,9-0538,69551,2016,Chevrolet,Trax,LS,BLACK,118057,Yes,1.2,2026-04-29,9,750.0,2026-04-29 11:41:52,UAX Memphis
26,9-0555,66872,2016,Chrysler,200,S,GRAY,147426,Yes,1.3,2026-04-29,9,700.0,2026-04-29 11:41:52,UAX Memphis
42,3-0012,67541,2015,Chrysler,200,C,BLUE,180463,Yes,1.3,2026-04-29,3,1200.0,2026-04-29 11:41:52,UAX Memphis
31,3-0017,68495,2015,Chrysler,200,Limited,WHITE,94423,Yes,1.8,2026-04-29,3,1500.0,2026-04-29 11:41:52,UAX Memphis
15,9-0626,62153,2015,Chrysler,200,Limited,BLACK,1,Yes,,2026-04-29,9,450.0,2026-04-29 11:41:52,UAX Memphis
7,5-0055,71687,2011,Chrysler,200,Touring,BLACK,123454,Yes,,2026-04-29,5,1200.0,2026-04-29 11:41:52,UAX Memphis
34,3-0031,67027,2019,Chrysler,300,Limited,WHITE,93714,Yes,2.0,2026-04-29,3,5400.0,2026-04-29 11:41:52,UAX Memphis
34,3-0097,70503,2018,Chrysler,300,300S,GRAY,144806,Yes,2.8,2026-04-29,3,6500.0,2026-04-29 11:41:52,UAX Memphis
0,16-0001,71691,2022,Chrysler,Pacifica,,,24317,No,,2026-04-29,16,34492.0,2026-04-29 11:41:52,UAX Memphis
17,4-0078,68696,2021,Chrysler,Pacifica,Touring,SILVER,139750,Yes,1.7,2026-04-29,4,7000.0,2026-04-29 11:41:52,UAX Memphis
16,9-0501,69230,2020,Chrysler,Pacifica,Touring L,SILVER,97360,Yes,0.0,2026-04-29,9,7400.0,2026-04-29 11:41:52,UAX Memphis
26,2-0017,71338,2014,Chrysler,Town & Country,Touring,TAN,177972,Yes,3.4,2026-04-29,2,1750.0,2026-04-29 11:41:52,UAX Memphis
34,9-0507,69260,2020,Chrysler,Voyager,LX,BLUE,109861,Yes,0.0,2026-04-29,9,4000.0,2026-04-29 11:41:52,UAX Memphis
18,2-0087,71509,2008,Dodge,Caliber,SXT,SILVER,210961,Yes,,2026-04-29,2,500.0,2026-04-29 11:41:52,UAX Memphis
32,4-0068,69848,2015,Dodge,Challenger,R/T,GRAY,134573,Yes,1.3,2026-04-29,4,6700.0,2026-04-29 11:41:52,UAX Memphis
26,2-0055,71611,2019,Dodge,Charger,SXT,BLUE,90454,Yes,,2026-04-29,2,12700.0,2026-04-29 11:41:52,UAX Memphis
38,3-0032,69441,2017,Dodge,Charger,SXT,BLACK,156595,Yes,1.5,2026-04-29,3,5100.0,2026-04-29 11:41:52,UAX Memphis
52,9-0521,68747,2016,Dodge,Dart,SE,WHITE,186690,Yes,0.0,2026-04-29,9,450.0,2026-04-29 11:41:52,UAX Memphis
26,9-0549,70336,2013,Dodge,Dart,GT,ORANGE,93325,Yes,1.1,2026-04-29,9,1000.0,2026-04-29 11:41:52,UAX Memphis
28,9-0622,70432,2013,Dodge,Dart,Limited,BLACK,93373,Yes,2.3,2026-04-29,9,600.0,2026-04-29 11:41:52,UAX Memphis
48,9-0633,71184,2013,Dodge,Dart,Limited,GRAY,211898,Yes,,2026-04-29,9,650.0,2026-04-29 11:41:52,UAX Memphis
24,4-0006,71544,2018,Dodge,Grand Caravan,GT,BLACK,83177,Yes,4.3,2026-04-29,4,8500.0,2026-04-29 11:41:52,UAX Memphis
24,4-0003,71541,2017,Dodge,Grand Caravan,SXT,WHITE,114576,Yes,3.9,2026-04-29,4,6000.0,2026-04-29 11:41:52,UAX Memphis
39,3-0024,66593,2017,Dodge,Grand Caravan,SXT,GRAY,146136,Yes,1.3,2026-04-29,3,1100.0,2026-04-29 11:41:52,UAX Memphis
28,4-0088,70274,2018,Dodge,Journey,SE,GRAY,161485,Yes,2.2,2026-04-29,4,1750.0,2026-04-29 11:41:52,UAX Memphis
40,9-0509,68446,2017,Dodge,Journey,SXT,SILVER,151316,Yes,0.0,2026-04-29,9,650.0,2026-04-29 11:41:52,UAX Memphis
2,5-0039,67847,2016,Dodge,Journey,Crossroad Plus,BLACK,1,Yes,,2026-04-29,5,2000.0,2026-04-29 11:41:52,UAX Memphis
39,2-0003,71323,2010,Ford,Crown Victoria,4dr Sdn w/3.27 Axle,WHITE,1,Yes,1.9,2026-04-29,2,1250.0,2026-04-29 11:41:52,UAX Memphis
18,4-0016,71603,2004,Ford,Crown Victoria,LX,WHITE,237861,Yes,,2026-04-29,4,1400.0,2026-04-29 11:41:52,UAX Memphis
39,3-0005,69730,2014,Ford,E150 Vans,Commercial,BLACK,224674,Yes,2.1,2026-04-29,3,4000.0,2026-04-29 11:41:52,UAX Memphis
29,3-0040,68710,2019,Ford,EcoSport,S,WHITE,48905,Yes,4.4,2026-04-29,3,10700.0,2026-04-29 11:41:52,UAX Memphis
7,1-0052,71674,2017,Ford,Edge,Titanium,BLACK,121824,Yes,,2026-04-29,1,4000.0,2026-04-29 11:41:52,UAX Memphis
7,1-0059,71676,2013,Ford,Edge,Limited,RED,252037,Yes,,2026-04-29,1,1000.0,2026-04-29 11:41:52,UAX Memphis
4,2-0045,71139,2013,Ford,Edge,SEL,WHITE,155390,Yes,,2026-04-29,2,2300.0,2026-04-29 11:41:52,UAX Memphis
7,9-0594,71489,2023,Ford,Escape,Active,GRAY,95244,Yes,,2026-04-29,9,6000.0,2026-04-29 11:41:52,UAX Memphis
31,9-0548,70386,2019,Ford,Escape,S,SILVER,245645,Yes,1.6,2026-04-29,9,1000.0,2026-04-29 11:41:52,UAX Memphis
48,4-0094,70943,2017,Ford,Escape,SE,BLACK,171004,Yes,1.8,2026-04-29,4,2500.0,2026-04-29 11:41:52,UAX Memphis
28,3-0068,70242,2017,Ford,Escape,Titanium,BLACK,102532,Yes,1.9,2026-04-29,3,3200.0,2026-04-29 11:41:52,UAX Memphis
28,2-0036,70937,2022,Ford,Expedition,XLT,WHITE,57980,Yes,3.7,2026-04-29,2,34000.0,2026-04-29 11:41:52,UAX Memphis
41,9-0524,67939,2015,Ford,Expedition,XLT,RED,198810,Yes,0.0,2026-04-29,9,900.0,2026-04-29 11:41:52,UAX Memphis
0,15-0001,71695,2024,Ford,Explorer,,WHITE,54048,No,,2026-04-29,15,28000.0,2026-04-29 11:41:52,UAX Memphis
7,9-0628,71017,2014,Ford,Explorer,XLT,GRAY,1,Yes,,2026-04-29,9,450.0,2026-04-29 11:41:52,UAX Memphis
6,1-0062,71677,2013,Ford,Explorer,Limited,BROWN,192801,Yes,,2026-04-29,1,1200.0,2026-04-29 11:41:52,UAX Memphis
24,10-0014,71565,2023,Ford,F150,XLT,GRAY,52761,Yes,4.6,2026-04-29,10,35000.0,2026-04-29 11:41:52,UAX Memphis
0,6-0006,71476,2022,Ford,F150,XLT,WHITE,142339,Yes,,2026-04-29,6,21000.0,2026-04-29 11:41:52,UAX Memphis
34,2-0097,70654,2020,Ford,F150,XL,GRAY,114909,Yes,2.8,2026-04-29,2,13600.0,2026-04-29 11:41:52,UAX Memphis
29,3-0071,66653,2019,Ford,F150,XL,RED,108060,Yes,3.0,2026-04-29,3,13600.0,2026-04-29 11:41:52,UAX Memphis
41,4-0069,68821,2018,Ford,F150,XLT,BLACK,190948,Yes,2.5,2026-04-29,4,5300.0,2026-04-29 11:41:52,UAX Memphis
18,1-0073,71635,2018,Ford,F150,XLT,WHITE,160504,Yes,,2026-04-29,1,5300.0,2026-04-29 11:41:52,UAX Memphis
0,6-0001,71353,2017,Ford,F150,Platinum,GRAY,109685,Yes,,2026-04-29,6,24500.0,2026-04-29 11:41:52,UAX Memphis
19,4-0029,71617,2015,Ford,F150,King Ranch,BROWN,127048,Yes,4.3,2026-04-29,4,18300.0,2026-04-29 11:41:52,UAX Memphis
15,2-0076,71532,2015,Ford,F150,XL,GRAY,194742,Yes,,2026-04-29,2,6000.0,2026-04-29 11:41:52,UAX Memphis
30,2-0073,71530,2011,Ford,F150,FX4,BLACK,183941,Yes,2.9,2026-04-29,2,8000.0,2026-04-29 11:41:52,UAX Memphis
17,2-0028,71466,2008,Ford,F150,XLT,GOLD,94846,Yes,,2026-04-29,2,5000.0,2026-04-29 11:41:52,UAX Memphis
0,6-0007,71479,2024,Ford,F250SD,Lariat,WHITE,12060,Yes,,2026-04-29,6,72000.0,2026-04-29 11:41:52,UAX Memphis
28,9-0520,69320,2008,Ford,F250SD,XL,BLUE,185572,Yes,0.0,2026-04-29,9,2600.0,2026-04-29 11:41:52,UAX Memphis
32,9-0517,68682,2013,Ford,F350SD,XL,RED,175699,Yes,0.0,2026-04-29,9,2000.0,2026-04-29 11:41:52,UAX Memphis
46,9-0508,69231,2015,Ford,Fiesta,SE,BLUE,145858,Yes,0.0,2026-04-29,9,800.0,2026-04-29 11:41:52,UAX Memphis
26,9-0511,68208,2017,Ford,Focus,Titanium,GRAY,158345,Yes,0.0,2026-04-29,9,1850.0,2026-04-29 11:41:52,UAX Memphis
26,2-0019,71322,2016,Ford,Focus,SE,RED,126379,Yes,3.8,2026-04-29,2,500.0,2026-04-29 11:41:52,UAX Memphis
14,9-0629,71093,2020,Ford,Fusion,SE,WHITE,1,Yes,,2026-04-29,9,2000.0,2026-04-29 11:41:52,UAX Memphis
29,4-0076,68888,2020,Ford,Fusion,SE,WHITE,79918,Yes,1.9,2026-04-29,4,7050.0,2026-04-29 11:41:52,UAX Memphis
23,4-0011,71542,2019,Ford,Fusion,SEL,GOLD,143796,Yes,4.5,2026-04-29,4,5900.0,2026-04-29 11:41:52,UAX Memphis
46,3-0013,68870,2017,Ford,Fusion,Platinum,WHITE,202692,Yes,1.6,2026-04-29,3,1700.0,2026-04-29 11:41:52,UAX Memphis
19,4-0095,71559,2017,Ford,Fusion,SE,BLACK,103304,Yes,3.6,2026-04-29,4,2850.0,2026-04-29 11:41:52,UAX Memphis
45,9-0553,70463,2017,Ford,Fusion,SE,GRAY,142498,Yes,1.0,2026-04-29,9,800.0,2026-04-29 11:41:52,UAX Memphis
37,3-0087,63117,2017,Ford,Fusion,SE,GRAY,158472,Yes,2.4,2026-04-29,3,2600.0,2026-04-29 11:41:52,UAX Memphis
5,5-0056,71688,2015,Ford,Fusion,SE,GRAY,166087,Yes,,2026-04-29,5,1000.0,2026-04-29 11:41:52,UAX Memphis
41,3-0089,68622,2015,Ford,Fusion,SE,BROWN,173258,Yes,1.3,2026-04-29,3,2900.0,2026-04-29 11:41:52,UAX Memphis
34,9-0506,68498,2012,Ford,Fusion,SE,BLUE,139872,Yes,0.0,2026-04-29,9,1350.0,2026-04-29 11:41:52,UAX Memphis
29,3-0047,70786,2015,Ford,Mustang,EcoBoost,GRAY,81835,Yes,4.2,2026-04-29,3,13100.0,2026-04-29 11:41:52,UAX Memphis
6,9-0615,71460,2020,Ford,T350 Vans,"T-350 148"" EL Hi Rf 9500 GVWR",WHITE,99841,Yes,,2026-04-29,9,12200.0,2026-04-29 11:41:52,UAX Memphis
7,9-0621,70975,2013,Ford,Taurus,Limited,RED,1,Yes,,2026-04-29,9,600.0,2026-04-29 11:41:52,UAX Memphis
10,10-0009,71557,2024,Ford,Transit-350 Cargo Van,"T-350 148"" Low Rf 9950 GVWR",WHITE,1690,Yes,5.0,2026-04-29,10,31000.0,2026-04-29 11:41:52,UAX Memphis
14,10-0010,71568,2023,GMC,Acadia,SLT,RED,82410,Yes,4.4,2026-04-29,10,18800.0,2026-04-29 11:41:52,UAX Memphis
38,9-0558,70055,2020,GMC,Acadia,SLE,GRAY,143168,Yes,1.4,2026-04-29,9,5000.0,2026-04-29 11:41:52,UAX Memphis
35,4-0070,69963,2019,GMC,Acadia,SLT,WHITE,141801,Yes,3.3,2026-04-29,4,5000.0,2026-04-29 11:41:52,UAX Memphis
6,2-0011,71336,2016,GMC,Acadia,Denali,BLACK,127548,Yes,4.7,2026-04-29,2,9200.0,2026-04-29 11:41:52,UAX Memphis
47,9-0623,70354,2016,GMC,Acadia,SLE,GRAY,172569,Yes,1.2,2026-04-29,9,450.0,2026-04-29 11:41:52,UAX Memphis
29,4-0093,70932,2013,GMC,Acadia,SLT,SILVER,195699,Yes,2.9,2026-04-29,4,1000.0,2026-04-29 11:41:52,UAX Memphis
34,9-0527,68715,2012,GMC,Acadia,Denali,BLACK,207024,Yes,0.0,2026-04-29,9,1500.0,2026-04-29 11:41:52,UAX Memphis
33,10-0016,71564,2017,GMC,Sierra 1500,Denali,BLACK,120121,Yes,3.5,2026-04-29,10,22000.0,2026-04-29 11:41:52,UAX Memphis
40,1-0033,71500,2017,GMC,Sierra 1500,SLE,BROWN,168108,Yes,2.7,2026-04-29,1,9000.0,2026-04-29 11:41:52,UAX Memphis
11,2-0050,71689,2016,GMC,Sierra 1500,Denali,BLACK,135449,Yes,,2026-04-29,2,18200.0,2026-04-29 11:41:52,UAX Memphis
31,2-0056,71152,2016,GMC,Sierra 1500,SLE,BLACK,165765,Yes,3.5,2026-04-29,2,13200.0,2026-04-29 11:41:52,UAX Memphis
34,10-0019,70607,2012,GMC,Sierra 1500,SLE,SILVER,151948,Yes,3.5,2026-04-29,10,9000.0,2026-04-29 11:41:52,UAX Memphis
35,3-0084,68677,2021,GMC,Terrain,SLE,WHITE,128714,Yes,1.3,2026-04-29,3,5500.0,2026-04-29 11:41:52,UAX Memphis
23,4-0021,71594,2019,GMC,Terrain,SLT,BLACK,135528,Yes,4.1,2026-04-29,4,9200.0,2026-04-29 11:41:52,UAX Memphis
0,6-0011,71658,2017,GMC,Terrain,SLE,RED,99089,Yes,,2026-04-29,6,7900.0,2026-04-29 11:41:52,UAX Memphis
37,9-0519,69557,2013,GMC,Terrain,SLE,BLACK,178284,Yes,0.0,2026-04-29,9,1000.0,2026-04-29 11:41:52,UAX Memphis
40,9-0539,69276,2013,GMC,Terrain,SLE,BLACK,120917,Yes,1.0,2026-04-29,9,1200.0,2026-04-29 11:41:52,UAX Memphis
23,10-0018,70606,2022,Honda,Accord,Hybrid Touring,WHITE,55479,Yes,4.0,2026-04-29,10,23200.0,2026-04-29 11:41:52,UAX Memphis
0,6-0005,71477,2021,Honda,Accord,Sedan Sport,NO COLOR,61762,Yes,,2026-04-29,6,19000.0,2026-04-29 11:41:52,UAX Memphis
17,1-0025,71098,2013,Honda,Accord,Sdn Sport,GRAY,214563,Yes,,2026-04-29,1,3100.0,2026-04-29 11:41:52,UAX Memphis
30,3-0004,69562,2011,Honda,Accord,Cpe LX-S,GRAY,179614,Yes,4.1,2026-04-29,3,3200.0,2026-04-29 11:41:52,UAX Memphis
6,9-0562,71634,2009,Honda,Accord,Sdn EX-L,SILVER,170940,Yes,,2026-04-29,9,1150.0,2026-04-29 11:41:52,UAX Memphis
27,10-0022,71587,2018,Honda,Civic,Hatchback EX,RED,119527,Yes,3.6,2026-04-29,10,11000.0,2026-04-29 11:41:52,UAX Memphis
33,9-0543,67173,2013,Honda,Civic,Sdn LX,BLUE,146058,Yes,1.1,2026-04-29,9,1100.0,2026-04-29 11:41:52,UAX Memphis
36,4-0079,69318,2016,Honda,CR-V,SE,WHITE,196542,Yes,2.8,2026-04-29,4,4400.0,2026-04-29 11:41:52,UAX Memphis
28,3-0003,69270,2016,Honda,Pilot,EX-L,WHITE,151565,Yes,4.5,2026-04-29,3,7900.0,2026-04-29 11:41:52,UAX Memphis
5,9-0630,71095,2013,Honda,Pilot,EX-L,BURGUNDY,1,Yes,,2026-04-29,9,700.0,2026-04-29 11:41:52,UAX Memphis
27,4-0066,69579,2025,Hyundai,Elantra,SEL Sport,BLUE,16607,Yes,4.0,2026-04-29,4,17800.0,2026-04-29 11:41:52,UAX Memphis
32,9-0560,68886,2020,Hyundai,Elantra,SE,RED,155787,Yes,0.0,2026-04-29,9,2700.0,2026-04-29 11:41:52,UAX Memphis
24,9-0534,68277,2020,Hyundai,Elantra,SEL,SILVER,96571,Yes,1.0,2026-04-29,9,3400.0,2026-04-29 11:41:52,UAX Memphis
35,9-0547,69294,2019,Hyundai,Elantra,SE,RED,223853,Yes,1.0,2026-04-29,9,800.0,2026-04-29 11:41:52,UAX Memphis
24,4-0091,71014,2014,Hyundai,Elantra,Sport,SILVER,155101,Yes,3.7,2026-04-29,4,2400.0,2026-04-29 11:41:52,UAX Memphis
33,3-0072,69486,2021,Hyundai,Palisade,Limited,BLACK,110989,Yes,3.7,2026-04-29,3,15500.0,2026-04-29 11:41:52,UAX Memphis
40,2-0016,71333,2012,Hyundai,Santa Fe,GLS,RED,217609,Yes,2.0,2026-04-29,2,550.0,2026-04-29 11:41:52,UAX Memphis
29,5-0040,71485,2019,Hyundai,Santa Fe XL,SE,WHITE,98051,Yes,2.9,2026-04-29,5,4400.0,2026-04-29 11:41:52,UAX Memphis
27,9-0544,69298,2015,Hyundai,Sonata,2.4L Sport,SILVER,168259,Yes,1.0,2026-04-29,9,550.0,2026-04-29 11:41:52,UAX Memphis
30,5-0028,71410,2006,Hyundai,Sonata,GLS,BLACK,192084,Yes,1.8,2026-04-29,5,900.0,2026-04-29 11:41:52,UAX Memphis
27,2-0020,71327,2011,Hyundai,Tucson,GLS,RED,182828,Yes,2.8,2026-04-29,2,3150.0,2026-04-29 11:41:52,UAX Memphis
1,5-0201,70878,2006,INFINITI,FX35,4dr,BLACK,195706,Yes,,2026-04-29,5,1225.0,2026-04-29 11:41:52,UAX Memphis
3,1-0037,71694,2015,INFINITI,QX60,4dr,GRAY,186344,Yes,,2026-04-29,1,1900.0,2026-04-29 11:41:52,UAX Memphis
4,5-0200,70655,2002,Isuzu,Trooper,S,WHITE,157433,Yes,,2026-04-29,5,600.0,2026-04-29 11:41:52,UAX Memphis
31,4-0020,71596,2019,Jeep,Cherokee,Altitude,GRAY,109850,Yes,3.6,2026-04-29,4,8500.0,2026-04-29 11:41:52,UAX Memphis
30,9-0545,70153,2019,Jeep,Cherokee,Latitude,BLACK,179328,Yes,1.4,2026-04-29,9,1700.0,2026-04-29 11:41:52,UAX Memphis
27,1-0026,71101,2019,Jeep,Cherokee,Limited,SILVER,133117,Yes,2.9,2026-04-29,1,4700.0,2026-04-29 11:41:52,UAX Memphis
38,3-0069,69674,2017,Jeep,Cherokee,Latitude,BLACK,104504,Yes,1.7,2026-04-29,3,4100.0,2026-04-29 11:41:52,UAX Memphis
27,4-0024,71600,2017,Jeep,Cherokee,Sport,RED,103351,Yes,3.9,2026-04-29,4,7700.0,2026-04-29 11:41:52,UAX Memphis
20,3-0093,69226,2016,Jeep,Cherokee,Sport,WHITE,213223,Yes,2.5,2026-04-29,3,2800.0,2026-04-29 11:41:52,UAX Memphis
21,4-0028,71616,2019,Jeep,Compass,Sport,BLACK,91025,Yes,4.1,2026-04-29,4,10400.0,2026-04-29 11:41:52,UAX Memphis
24,4-0005,71625,2018,Jeep,Compass,Latitude,BLUE,103728,Yes,4.2,2026-04-29,4,8800.0,2026-04-29 11:41:52,UAX Memphis
18,5-0091,71199,2016,Jeep,Compass,Sport,RED,140847,Yes,,2026-04-29,5,800.0,2026-04-29 11:41:52,UAX Memphis
17,5-0038,71484,2020,Jeep,Grand Cherokee,Laredo,WHITE,68793,Yes,4.4,2026-04-29,5,10000.0,2026-04-29 11:41:52,UAX Memphis
21,2-0007,60572,2017,Jeep,Grand Cherokee,Limited,WHITE,149274,Yes,4.3,2026-04-29,2,7000.0,2026-04-29 11:41:52,UAX Memphis
31,1-0057,71156,2015,Jeep,Grand Cherokee,High Altitude,BLACK,156840,Yes,3.2,2026-04-29,1,6000.0,2026-04-29 11:41:52,UAX Memphis
22,9-0525,68987,2014,Jeep,Grand Cherokee,Overland,WHITE,200235,Yes,0.0,2026-04-29,9,1700.0,2026-04-29 11:41:52,UAX Memphis
5,1-0056,71255,2012,Jeep,Grand Cherokee,Limited,BLACK,157258,Yes,,2026-04-29,1,1900.0,2026-04-29 11:41:52,UAX Memphis
6,9-0600,70981,2011,Jeep,Grand Cherokee,Laredo,GRAY,1,Yes,,2026-04-29,9,500.0,2026-04-29 11:41:52,UAX Memphis
26,3-0200,68839,2024,Jeep,Grand Wagoneer L,Series II,GRAY,55016,Yes,4.1,2026-04-29,3,49800.0,2026-04-29 11:41:52,UAX Memphis
51,3-0094,69854,2015,Jeep,Patriot,Sport,BLACK,237597,Yes,1.3,2026-04-29,3,600.0,2026-04-29 11:41:52,UAX Memphis
29,3-0096,69970,2015,Jeep,Patriot,Sport,WHITE,126009,Yes,3.7,2026-04-29,3,2900.0,2026-04-29 11:41:52,UAX Memphis
22,4-0004,71543,2017,Jeep,Renegade,Latitude,GRAY,137082,Yes,4.3,2026-04-29,4,5500.0,2026-04-29 11:41:52,UAX Memphis
24,1-0047,71618,2017,Jeep,Renegade,Latitude,RED,135869,Yes,4.0,2026-04-29,1,3500.0,2026-04-29 11:41:52,UAX Memphis
35,3-0023,68278,2015,Jeep,Renegade,Limited,BLUE,144224,Yes,1.3,2026-04-29,3,3300.0,2026-04-29 11:41:52,UAX Memphis
0,6-0002,71409,2022,Jeep,Wrangler,Unlimited Sahara,RED,86809,Yes,,2026-04-29,6,23300.0,2026-04-29 11:41:52,UAX Memphis
14,2-0031,71653,2020,Jeep,Wrangler,Unlimited Sport S,SILVER,66426,Yes,,2026-04-29,2,20700.0,2026-04-29 11:41:52,UAX Memphis
31,4-0072,70349,2019,Jeep,Wrangler,Unlimited Sport,RED,139230,Yes,3.1,2026-04-29,4,10000.0,2026-04-29 11:41:52,UAX Memphis
39,2-0037,71463,2017,Jeep,Wrangler,Unlimited Sahara,WHITE,113833,Yes,2.4,2026-04-29,2,9400.0,2026-04-29 11:41:52,UAX Memphis
17,4-0001,71571,2016,Jeep,Wrangler,Unlimited Rubicon,BLACK,158350,Yes,,2026-04-29,4,11600.0,2026-04-29 11:41:52,UAX Memphis
0,6-0009,71654,2015,Jeep,Wrangler,Unlimited Sport,WHITE,117196,Yes,,2026-04-29,6,12000.0,2026-04-29 11:41:52,UAX Memphis
33,2-0059,71612,2008,Jeep,Wrangler,Unlimited X,BLACK,195277,Yes,2.9,2026-04-29,2,5800.0,2026-04-29 11:41:52,UAX Memphis
11,10-0001,71553,2023,Kawasaki,Ninja 400,,BLUE,837,Yes,,2026-04-29,10,2900.0,2026-04-29 11:41:52,UAX Memphis
33,3-0065,68272,2016,Kia,Forte,LX,GRAY,75078,Yes,2.3,2026-04-29,3,3500.0,2026-04-29 11:41:52,UAX Memphis
31,4-0073,70404,2021,Kia,K5,LXS,BLACK,181667,Yes,2.7,2026-04-29,4,5300.0,2026-04-29 11:41:52,UAX Memphis
17,9-0542,68737,2020,Kia,Optima,LX,GRAY,137608,Yes,1.5,2026-04-29,9,3600.0,2026-04-29 11:41:52,UAX Memphis
44,3-0086,69853,2016,Kia,Rio,LX,SILVER,148502,Yes,1.7,2026-04-29,3,2200.0,2026-04-29 11:41:52,UAX Memphis
7,2-0089,71686,2019,Kia,Sorento,LX V6,WHITE,114117,Yes,,2026-04-29,2,8300.0,2026-04-29 11:41:52,UAX Memphis
32,3-0090,69929,2017,Kia,Sorento,LX,SILVER,180349,Yes,1.3,2026-04-29,3,1900.0,2026-04-29 11:41:52,UAX Memphis
19,9-0535,70361,2017,Kia,Sorento,LX,BLUE,98865,Yes,2.1,2026-04-29,9,3800.0,2026-04-29 11:41:52,UAX Memphis
23,9-0503,68714,2017,Kia,Soul,!,SILVER,122905,Yes,0.0,2026-04-29,9,1100.0,2026-04-29 11:41:52,UAX Memphis
20,3-0007,68340,2016,Kia,Soul,+,BLUE,85085,Yes,2.3,2026-04-29,3,4800.0,2026-04-29 11:41:52,UAX Memphis
20,9-0554,69704,2016,Kia,Soul,+,WHITE,145762,Yes,2.0,2026-04-29,9,1500.0,2026-04-29 11:41:52,UAX Memphis
25,9-0540,66438,2016,Kia,Soul,Base,GRAY,122223,Yes,1.4,2026-04-29,9,1000.0,2026-04-29 11:41:52,UAX Memphis
33,4-0018,71599,2018,Kia,Sportage,EX,BLACK,137471,Yes,3.5,2026-04-29,4,6300.0,2026-04-29 11:41:52,UAX Memphis
17,9-0533,69830,2017,Land Rover,Range Rover,HSE,GRAY,92817,Yes,1.7,2026-04-29,9,4800.0,2026-04-29 11:41:52,UAX Memphis
27,2-0013,70433,2017,Land Rover,Range Rover Sport,V8 Supercharged,WHITE,86869,Yes,4.2,2026-04-29,2,12000.0,2026-04-29 11:41:52,UAX Memphis
17,2-0005,69432,2016,Lexus,CT 200h,5dr Sdn Hybrid,SILVER,154859,Yes,,2026-04-29,2,3050.0,2026-04-29 11:41:52,UAX Memphis
32,2-0046,71512,2013,Lexus,RX 350,4dr,WHITE,148382,Yes,3.7,2026-04-29,2,10000.0,2026-04-29 11:41:52,UAX Memphis
5,9-0619,69315,2012,Lincoln,MKS,4dr Sdn 3.7L,GRAY,1,Yes,,2026-04-29,9,450.0,2026-04-29 11:41:52,UAX Memphis
32,2-0200,71049,2009,Lincoln,MKZ,4dr Sdn,BLACK,153006,Yes,3.5,2026-04-29,2,1600.0,2026-04-29 11:41:52,UAX Memphis
21,2-0009,71326,2015,Mazda,CX-5,Touring,RED,64919,Yes,4.2,2026-04-29,2,11600.0,2026-04-29 11:41:52,UAX Memphis
18,1-0011,71518,2013,Mazda,Mazda5,Touring,BLACK,165238,Yes,,2026-04-29,1,2000.0,2026-04-29 11:41:52,UAX Memphis
33,9-0526,69251,2012,Mazda,Mazda6,i Sport,GRAY,246371,Yes,0.0,2026-04-29,9,600.0,2026-04-29 11:41:52,UAX Memphis
4,1-0010,71490,2011,Mazda,Mazda6,s Grand Touring,WHITE,152687,Yes,,2026-04-29,1,1000.0,2026-04-29 11:41:52,UAX Memphis
32,3-0085,65738,2011,Mercedes-Benz,GL Class,GL 450,GRAY,140977,Yes,3.3,2026-04-29,3,4200.0,2026-04-29 11:41:52,UAX Memphis
22,3-0057,61947,2019,Mercedes-Benz,GLC,300 Coupe 4MATIC,SILVER,138943,Yes,3.5,2026-04-29,3,18200.0,2026-04-29 11:41:52,UAX Memphis
18,5-0031,68517,2022,Mercedes-Benz,GLE,450 4MATIC,BLACK,52629,Yes,3.5,2026-04-29,5,37250.0,2026-04-29 11:41:52,UAX Memphis
19,2-0085,71560,2025,Nissan,Altima,SV,BLACK,30132,Yes,3.6,2026-04-29,2,18000.0,2026-04-29 11:41:52,UAX Memphis
16,10-0023,71585,2024,Nissan,Altima,2.5 SR,WHITE,111266,Yes,4.6,2026-04-29,10,13400.0,2026-04-29 11:41:52,UAX Memphis
31,4-0067,70278,2022,Nissan,Altima,2.5 SR,BLACK,71204,Yes,3.2,2026-04-29,4,14000.0,2026-04-29 11:41:52,UAX Memphis
31,2-0040,71516,2022,Nissan,Altima,2.5 SV,BLACK,122322,Yes,4.0,2026-04-29,2,8700.0,2026-04-29 11:41:52,UAX Memphis
46,2-0039,71534,2020,Nissan,Altima,2.0 Platinum,BLUE,104261,Yes,2.6,2026-04-29,2,11800.0,2026-04-29 11:41:52,UAX Memphis
39,3-0028,69200,2019,Nissan,Altima,2.5 SR,BLACK,214060,Yes,1.3,2026-04-29,3,2800.0,2026-04-29 11:41:52,UAX Memphis
29,3-0045,69468,2018,Nissan,Altima,2.5 S,SILVER,86516,Yes,4.7,2026-04-29,3,9600.0,2026-04-29 11:41:52,UAX Memphis
43,4-0002,71570,2018,Nissan,Altima,2.5 S,BLACK,145343,Yes,2.2,2026-04-29,4,4800.0,2026-04-29 11:41:52,UAX Memphis
24,4-0010,71539,2016,Nissan,Altima,2.5 S,BROWN,126130,Yes,4.1,2026-04-29,4,4700.0,2026-04-29 11:41:52,UAX Memphis
43,3-0095,69553,2016,Nissan,Altima,2.5 SV,BLUE,251638,Yes,1.3,2026-04-29,3,600.0,2026-04-29 11:41:52,UAX Memphis
14,9-0616,71347,2014,Nissan,Altima,2.5 S,RED,218413,Yes,,2026-04-29,9,1100.0,2026-04-29 11:41:52,UAX Memphis
34,2-0018,71337,2012,Nissan,Altima,2.5 S,GRAY,167581,Yes,2.6,2026-04-29,2,1650.0,2026-04-29 11:41:52,UAX Memphis
27,2-0054,71606,2016,Nissan,Frontier,S,WHITE,143988,Yes,3.7,2026-04-29,2,5400.0,2026-04-29 11:41:52,UAX Memphis
28,3-0037,69278,2025,Nissan,Kicks Play,S,WHITE,12812,Yes,4.4,2026-04-29,3,17300.0,2026-04-29 11:41:52,UAX Memphis
37,3-0006,69545,2014,Nissan,Maxima,3.5 S,BLACK,211266,Yes,2.7,2026-04-29,3,2000.0,2026-04-29 11:41:52,UAX Memphis
38,2-0043,71386,2017,Nissan,Murano 2017.5,SL,BLACK,126425,Yes,2.2,2026-04-29,2,8300.0,2026-04-29 11:41:52,UAX Memphis
29,9-0559,70352,2018,Nissan,Pathfinder,SV,SILVER,132980,Yes,0.0,2026-04-29,9,1300.0,2026-04-29 11:41:52,UAX Memphis
25,2-0070,71637,2023,Nissan,Rogue,SL,BLACK,92909,Yes,4.2,2026-04-29,2,17000.0,2026-04-29 11:41:52,UAX Memphis
20,9-0541,68860,2017,Nissan,Rogue,SL,GRAY,133513,Yes,1.7,2026-04-29,9,1000.0,2026-04-29 11:41:52,UAX Memphis
21,4-0030,71615,2016,Nissan,Rogue,SL,WHITE,79398,Yes,4.7,2026-04-29,4,11200.0,2026-04-29 11:41:52,UAX Memphis
27,5-0030,71486,2016,Nissan,Rogue,SV,GRAY,84745,Yes,3.4,2026-04-29,5,5000.0,2026-04-29 11:41:52,UAX Memphis
37,2-0002,71408,2016,Nissan,Rogue,SV,GRAY,168905,Yes,3.5,2026-04-29,2,3000.0,2026-04-29 11:41:52,UAX Memphis
40,3-0030,69280,2015,Nissan,Rogue,SV,GRAY,250404,Yes,1.7,2026-04-29,3,1700.0,2026-04-29 11:41:52,UAX Memphis
26,9-0550,70078,2013,Nissan,Rogue,SL,WHITE,183050,Yes,1.2,2026-04-29,9,500.0,2026-04-29 11:41:52,UAX Memphis
37,2-0021,71385,2012,Nissan,Rogue,SL,SILVER,120837,Yes,2.2,2026-04-29,2,1450.0,2026-04-29 11:41:52,UAX Memphis
29,3-0011,69373,2014,Nissan,Rogue Select,S,BLACK,164472,Yes,2.4,2026-04-29,3,2600.0,2026-04-29 11:41:52,UAX Memphis
30,3-0041,69351,2024,Nissan,Sentra,S,BLACK,38969,Yes,3.6,2026-04-29,3,15500.0,2026-04-29 11:41:52,UAX Memphis
18,2-0058,71604,2023,Nissan,Sentra,SV,GRAY,46067,Yes,4.2,2026-04-29,2,14200.0,2026-04-29 11:41:52,UAX Memphis
29,1-0034,71592,2017,Nissan,Sentra,S,BLACK,123957,Yes,2.8,2026-04-29,1,1100.0,2026-04-29 11:41:52,UAX Memphis
36,4-0071,70351,2017,Nissan,Sentra,S,GRAY,132682,Yes,1.3,2026-04-29,4,500.0,2026-04-29 11:41:52,UAX Memphis
29,3-0001,69343,2020,Nissan,Versa,SV,WHITE,126489,Yes,3.5,2026-04-29,3,5100.0,2026-04-29 11:41:52,UAX Memphis
41,3-0019,69044,2020,Nissan,Versa,SV,SILVER,107181,Yes,1.3,2026-04-29,3,1600.0,2026-04-29 11:41:52,UAX Memphis
37,3-0083,69752,2016,Nissan,Versa,SL,BLACK,116627,Yes,2.6,2026-04-29,3,2200.0,2026-04-29 11:41:52,UAX Memphis
28,3-0044,66944,2015,Porsche,Macan,S,BLUE,82695,Yes,3.8,2026-04-29,3,12800.0,2026-04-29 11:41:52,UAX Memphis
30,2-0094,71221,2025,Ram,1500,Rebel,BLUE,34937,Yes,3.4,2026-04-29,2,42000.0,2026-04-29 11:41:52,UAX Memphis
22,5-0202,70161,2023,Ram,1500,Tradesman,WHITE,87683,Yes,,2026-04-29,5,22500.0,2026-04-29 11:41:52,UAX Memphis
23,4-0090,70566,2017,Ram,1500,Express,BLACK,150135,Yes,,2026-04-29,4,3900.0,2026-04-29 11:41:52,UAX Memphis
33,3-0056,68409,2014,Ram,1500,Big Horn,SILVER,136733,Yes,4.1,2026-04-29,3,9800.0,2026-04-29 11:41:52,UAX Memphis
14,5-0072,71523,2011,Ram,1500,Laramie,WHITE,199655,Yes,,2026-04-29,5,2100.0,2026-04-29 11:41:52,UAX Memphis
23,2-0032,71652,2020,Ram,1500 DS,SLT,WHITE,110467,Yes,2.2,2026-04-29,2,14000.0,2026-04-29 11:41:52,UAX Memphis
21,2-0072,71638,2017,Ram,1500 ProMaster Vans,"1500 Low Roof 136"" WB",WHITE,98492,Yes,2.7,2026-04-29,2,6000.0,2026-04-29 11:41:52,UAX Memphis
28,5-0022,70068,2022,Ram,2500,Tradesman,WHITE,92130,Yes,2.8,2026-04-29,5,21800.0,2026-04-29 11:41:52,UAX Memphis
18,10-0007,71640,2013,Ram,2500,Big Horn,GREEN,153134,Yes,4.9,2026-04-29,10,16000.0,2026-04-29 11:41:52,UAX Memphis
6,9-0613,71457,2019,Ram,2500 ProMaster Vans,"2500 High Roof 159"" WB",WHITE,146326,Yes,,2026-04-29,9,1400.0,2026-04-29 11:41:52,UAX Memphis
6,9-0614,71458,2017,Ram,2500 ProMaster Vans,"2500 High Roof 159"" WB",WHITE,214889,Yes,,2026-04-29,9,1400.0,2026-04-29 11:41:52,UAX Memphis
22,2-0068,71588,2018,Subaru,Crosstrek,Premium,SILVER,116518,Yes,4.6,2026-04-29,2,5300.0,2026-04-29 11:41:52,UAX Memphis
44,3-0088,68983,2012,Subaru,Outback,3.6R Limited,GRAY,159995,Yes,2.5,2026-04-29,3,1700.0,2026-04-29 11:41:52,UAX Memphis
21,10-0005,71642,2021,Tesla,Model Y,Long Range,WHITE,54823,Yes,4.6,2026-04-29,10,21000.0,2026-04-29 11:41:52,UAX Memphis
17,4-0200,71537,2006,Toyota,4Runner,SR5 V6,WHITE,131225,Yes,,2026-04-29,4,7000.0,2026-04-29 11:41:52,UAX Memphis
18,1-0064,71499,2005,Toyota,4Runner,Limited V8,GOLD,234002,Yes,,2026-04-29,1,2700.0,2026-04-29 11:41:52,UAX Memphis
18,1-0019,71636,2014,Toyota,Avalon,XLE Touring,WHITE,187862,Yes,,2026-04-29,1,5900.0,2026-04-29 11:41:52,UAX Memphis
27,3-0054,69759,2018,Toyota,C-HR,XLE,SILVER,129906,Yes,4.1,2026-04-29,3,8200.0,2026-04-29 11:41:52,UAX Memphis
8,2-0078,71584,2025,Toyota,Camry,LE,SILVER,14679,Yes,5.0,2026-04-29,2,23000.0,2026-04-29 11:41:52,UAX Memphis
23,2-0014,71339,2021,Toyota,Camry,SE,BLUE,125965,Yes,4.4,2026-04-29,2,11800.0,2026-04-29 11:41:52,UAX Memphis
35,3-0002,67633,2017,Toyota,Camry,SE,BLACK,144424,Yes,2.9,2026-04-29,3,7600.0,2026-04-29 11:41:52,UAX Memphis
0,6-0012,71659,2021,Toyota,Corolla,LE,RED,149676,Yes,,2026-04-29,6,8800.0,2026-04-29 11:41:52,UAX Memphis
33,1-0063,71498,2017,Toyota,Corolla,LE,SILVER,96843,Yes,2.7,2026-04-29,1,5000.0,2026-04-29 11:41:52,UAX Memphis
24,2-0010,71325,2017,Toyota,Corolla,SE,WHITE,171506,Yes,3.0,2026-04-29,2,5300.0,2026-04-29 11:41:52,UAX Memphis
0,6-0004,71461,2024,Toyota,RAV4,Hybrid LE,SILVER,89950,Yes,,2026-04-29,6,22700.0,2026-04-29 11:41:52,UAX Memphis
17,2-0008,69438,2016,Toyota,RAV4,Limited,RED,165730,Yes,,2026-04-29,2,6800.0,2026-04-29 11:41:52,UAX Memphis
25,3-0046,67052,2016,Toyota,RAV4,XLE,WHITE,119720,Yes,4.5,2026-04-29,3,11900.0,2026-04-29 11:41:52,UAX Memphis
18,2-0069,71589,2013,Toyota,RAV4,Limited,WHITE,152576,Yes,3.8,2026-04-29,2,8200.0,2026-04-29 11:41:52,UAX Memphis
0,6-0010,71657,2015,Toyota,Sequoia,Limited 5.7L V8,BLACK,167642,Yes,,2026-04-29,6,14500.0,2026-04-29 11:41:52,UAX Memphis
27,2-0015,71332,2016,Toyota,Tacoma,SR5 V6,WHITE,147785,Yes,2.6,2026-04-29,2,15100.0,2026-04-29 11:41:52,UAX Memphis
0,16-0002,71692,2024,Toyota,Tundra,,RED,79368,No,,2026-04-29,16,40900.0,2026-04-29 11:41:52,UAX Memphis
27,5-0042,70358,2019,Volkswagen,Jetta,SEL,GRAY,123153,Yes,2.6,2026-04-29,5,5000.0,2026-04-29 11:41:52,UAX Memphis
28,9-0551,66875,2019,Volkswagen,Jetta,SEL Premium,WHITE,118479,Yes,1.8,2026-04-29,9,4300.0,2026-04-29 11:41:52,UAX Memphis
18,1-0086,67537,2020,Volkswagen,Passat,2.0T SE,GRAY,106252,Yes,4.4,2026-04-29,1,5500.0,2026-04-29 11:41:52,UAX Memphis
27,5-0029,67602,2017,Volkswagen,Passat,1.8T SEL Premium,WHITE,56632,Yes,4.1,2026-04-29,5,10300.0,2026-04-29 11:41:52,UAX Memphis
35,2-0038,71462,2018,Volkswagen,Tiguan,SEL,GREEN,108144,Yes,3.6,2026-04-29,2,7400.0,2026-04-29 11:41:52,UAX Memphis
