Picture Count_presale,Run Number_presale,Stock Number,Year_presale,Make_presale,Model_presale,Style_presale,Exterior Color,Mileage,Has Condition Report,Grade_presale,Sale Date_presale,Lane_presale,Lot,Vin,Picture Count_postsale,Run Number_postsale,Stock #,Year_postsale,Make_postsale,Model_postsale,Style_postsale,Color,Odometer,CR,Grade_postsale,Sale Date_postsale,Lane_postsale,Price
18,1-0002,70999,2012,Buick,LaCrosse,Premium 1,BROWN,158974,True,,2026-04-29,1,2,1G4GD5ER7CF331355,,,,,,,,,,,,,,
31,1-0003,70375,2008,Jeep,Wrangler,X,BLACK,273066,True,2.6,2026-04-29,1,3,1J4FA24198L624695,,,,,,,,,,,,,,
36,1-0009,70998,2015,Chevrolet,Suburban,LT,GRAY,231585,True,3.0,2026-04-29,1,9,1GNSCJKC3FR131190,,,,,,,,,,,,,,
4,1-0010,71490,2011,Mazda,Mazda6,s Grand Touring,WHITE,152687,True,,2026-04-29,1,10,1YVHZ8CBXB5M28808,4.0,1-0010,71490,2011.0,Mazda,Mazda6,s Grand Touring,WHITE,152687.0,Yes,,2026-04-29,1.0,1000.0
18,1-0011,71518,2013,Mazda,Mazda5,Touring,BLACK,165238,True,,2026-04-29,1,11,JM1CW2CL8D0153471,18.0,1-0011,71518,2013.0,Mazda,Mazda5,Touring,BLACK,165238.0,Yes,,2026-04-29,1.0,2000.0
18,1-0019,71636,2014,Toyota,Avalon,XLE Touring,WHITE,187862,True,,2026-04-29,1,19,4T1BK1EB9EU101326,18.0,1-0019,71636,2014.0,Toyota,Avalon,XLE Touring,WHITE,187862.0,Yes,,2026-04-29,1.0,5900.0
24,1-0024,71097,2017,Cadillac,Escalade,Luxury,SILVER,177493,True,3.9,2026-04-29,1,24,1GYS4BKJ9HR303228,,,,,,,,,,,,,,
17,1-0025,71098,2013,Honda,Accord,Sdn Sport,GRAY,214563,True,,2026-04-29,1,25,1HGCR2F58DA025084,17.0,1-0025,71098,2013.0,Honda,Accord,Sdn Sport,GRAY,214563.0,Yes,,2026-04-29,1.0,3100.0
27,1-0026,71101,2019,Jeep,Cherokee,Limited,SILVER,133117,True,2.9,2026-04-29,1,26,1C4PJLDB1KD300330,27.0,1-0026,71101,2019.0,Jeep,Cherokee,Limited,SILVER,133117.0,Yes,2.9,2026-04-29,1.0,4700.0
40,1-0033,71500,2017,GMC,Sierra 1500,SLE,BROWN,168108,True,2.7,2026-04-29,1,33,1GTV2MEC2HZ192460,40.0,1-0033,71500,2017.0,GMC,Sierra 1500,SLE,BROWN,168108.0,Yes,2.7,2026-04-29,1.0,9000.0
29,1-0034,71592,2017,Nissan,Sentra,S,BLACK,123957,True,2.8,2026-04-29,1,34,3N1AB7AP6HY377357,29.0,1-0034,71592,2017.0,Nissan,Sentra,S,BLACK,123957.0,Yes,2.8,2026-04-29,1.0,1100.0
14,1-0035,71575,2011,Nissan,Maxima,3.5 SV,BURGUNDY,169292,True,,2026-04-29,1,35,1N4AA5AP8BC853196,,,,,,,,,,,,,,
39,1-0036,71258,2012,Ford,F150,Platinum,WHITE,278782,True,1.9,2026-04-29,1,36,1FTFW1ET2CFB70766,,,,,,,,,,,,,,
18,1-0040,71621,2011,Dodge,Grand Caravan,Mainstreet,RED,169889,True,,2026-04-29,1,40,2D4RN3DG1BR623396,,,,,,,,,,,,,,
18,1-0041,71622,2008,Lincoln,Town Car,Limited,WHITE,154210,True,,2026-04-29,1,41,2LNHM82V78X641315,,,,,,,,,,,,,,
18,1-0042,71623,2016,Chevrolet,Impala,LTZ,BLACK,177517,True,,2026-04-29,1,42,2G1145S35G9184812,18.0,1-0042,71623,2016.0,Chevrolet,Impala,LTZ,BLACK,177517.0,Yes,,2026-04-29,1.0,3200.0
13,1-0044,71573,2014,Kia,Forte,LX,BLACK,147118,True,,2026-04-29,1,44,KNAFK4A62E5208001,,,,,,,,,,,,,,
17,1-0046,71574,2009,Ford,F250SD,XL,BLACK,202538,True,,2026-04-29,1,46,1FTSW21579EB02537,,,,,,,,,,,,,,
24,1-0047,71618,2017,Jeep,Renegade,Latitude,RED,135869,True,4.0,2026-04-29,1,47,ZACCJABB0HPE90363,24.0,1-0047,71618,2017.0,Jeep,Renegade,Latitude,RED,135869.0,Yes,4.0,2026-04-29,1.0,3500.0
27,1-0048,71619,2013,Ford,Fusion,SE,BLACK,86147,True,3.7,2026-04-29,1,48,3FA6P0H76DR102230,,,,,,,,,,,,,,
32,1-0049,71630,2019,Nissan,Altima,2.5 SR,SILVER,129171,True,2.5,2026-04-29,1,49,1N4BL4CV2KC191796,,,,,,,,,,,,,,
34,1-0050,71632,2019,Cadillac,Escalade,ESV Luxury,BLACK,155071,True,2.5,2026-04-29,1,50,1GYS4HKJ1KR162522,,,,,,,,,,,,,,
17,1-0054,71577,2002,Chevrolet,Tahoe,Z71,BLACK,1,True,,2026-04-29,1,54,1GNEK13Z22R286357,17.0,1-0054,71577,2002.0,Chevrolet,Tahoe,Z71,BLACK,1.0,Yes,,2026-04-29,1.0,1500.0
10,1-0055,71648,2011,Mercedes-Benz,S Class,S 550,BLACK,80682,True,4.4,2026-04-29,1,55,WDDNG8GB6BA405015,,,,,,,,,,,,,,
5,1-0056,71255,2012,Jeep,Grand Cherokee,Limited,BLACK,157258,True,,2026-04-29,1,56,1C4RJFBGXCC192418,5.0,1-0056,71255,2012.0,Jeep,Grand Cherokee,Limited,BLACK,157258.0,Yes,,2026-04-29,1.0,1900.0
31,1-0057,71156,2015,Jeep,Grand Cherokee,High Altitude,BLACK,156840,True,3.2,2026-04-29,1,57,1C4RJFCGXFC196522,31.0,1-0057,71156,2015.0,Jeep,Grand Cherokee,High Altitude,BLACK,156840.0,Yes,3.2,2026-04-29,1.0,6000.0
23,1-0058,71650,2009,Audi,Q7,quattro 4dr 3.6L,BLACK,115529,True,1.9,2026-04-29,1,58,WA1AY74LX9D028544,23.0,1-0058,71650,2009.0,Audi,Q7,quattro 4dr 3.6L,BLACK,115529.0,Yes,1.9,2026-04-29,1.0,2300.0
26,1-0060,66026,2020,GMC,Sierra 1500,SLE,WHITE,138937,True,3.6,2026-04-29,1,60,3GTU9BET8LG359473,,,,,,,,,,,,,,
7,1-0061,69778,2014,Ford,Escape,SE,SILVER,119923,True,,2026-04-29,1,61,1FMCU0GX0EUB44194,,,,,,,,,,,,,,
33,1-0063,71498,2017,Toyota,Corolla,LE,SILVER,96843,True,2.7,2026-04-29,1,63,5YFBURHE1HP619676,33.0,1-0063,71498,2017.0,Toyota,Corolla,LE,SILVER,96843.0,Yes,2.7,2026-04-29,1.0,5000.0
18,1-0064,71499,2005,Toyota,4Runner,Limited V8,GOLD,234002,True,,2026-04-29,1,64,JTEZT17R958006585,18.0,1-0064,71499,2005.0,Toyota,4Runner,Limited V8,GOLD,234002.0,Yes,,2026-04-29,1.0,2700.0
26,1-0066,70967,2015,Audi,Q5,Premium,WHITE,131494,True,3.8,2026-04-29,1,66,WA1CFAFP8FA045089,,,,,,,,,,,,,,
14,1-0067,70644,2013,Cadillac,SRX,Performance Collection,RED,217961,True,,2026-04-29,1,67,3GYFNDE39DS510281,,,,,,,,,,,,,,
23,1-0068,71245,2014,Nissan,Pathfinder,Platinum,SILVER,140667,True,4.4,2026-04-29,1,68,5N1AR2MM0EC706146,,,,,,,,,,,,,,
18,1-0073,71635,2018,Ford,F150,XLT,WHITE,160504,True,,2026-04-29,1,73,1FTEX1C5XJKD18678,18.0,1-0073,71635,2018.0,Ford,F150,XLT,WHITE,160504.0,Yes,,2026-04-29,1.0,5300.0
15,1-0083,71505,2012,Mitsubishi,Galant,ES,RED,176335,True,,2026-04-29,1,83,4A32B3FF7CE015020,,,,,,,,,,,,,,
4,1-0084,70236,2019,Dodge,Grand Caravan,SE,BLACK,171633,True,,2026-04-29,1,84,2C4RDGBG7KR586204,,,,,,,,,,,,,,
40,1-0085,71238,2014,Toyota,Corolla,S Plus,BLACK,181085,True,2.0,2026-04-29,1,85,5YFBURHE6EP118570,,,,,,,,,,,,,,
18,1-0086,67537,2020,Volkswagen,Passat,2.0T SE,GRAY,106252,True,4.4,2026-04-29,1,86,1VWSA7A39LC011263,18.0,1-0086,67537,2020.0,Volkswagen,Passat,2.0T SE,GRAY,106252.0,Yes,4.4,2026-04-29,1.0,5500.0
23,1-0087,69189,2018,Ford,F150,Lariat,GRAY,125132,True,2.3,2026-04-29,1,87,1FTFW1EG8JKE52255,,,,,,,,,,,,,,
43,1-0088,71211,2010,Lexus,GS 450h,4dr Sdn Hybrid,RED,175171,True,2.0,2026-04-29,1,88,JTHBC1KS3A5021223,,,,,,,,,,,,,,
18,1-0089,70703,2015,Chrysler,Town & Country,Touring,TAN,143648,True,,2026-04-29,1,89,2C4RC1BG7FR697843,,,,,,,,,,,,,,
11,10-0001,71553,2023,Kawasaki,Ninja 400,,BLUE,837,True,,2026-04-29,10,1,JKAEXKH16PDAN7524,11.0,10-0001,71553,2023.0,Kawasaki,Ninja 400,,BLUE,837.0,Yes,,2026-04-29,10.0,2900.0
23,10-0003,71493,2020,Ford,S/D C/C,XLT,WHITE,155650,True,3.7,2026-04-29,10,3,1FD8X3HT8LED04386,,,,,,,,,,,,,,
19,10-0004,71643,2024,Honda,HR-V,Sport,GRAY,33452,True,3.3,2026-04-29,10,4,3CZRZ1H58RM752763,,,,,,,,,,,,,,
21,10-0005,71642,2021,Tesla,Model Y,Long Range,WHITE,54823,True,4.6,2026-04-29,10,5,5YJYGDEE3MF124880,21.0,10-0005,71642,2021.0,Tesla,Model Y,Long Range,WHITE,54823.0,Yes,4.6,2026-04-29,10.0,21000.0
18,10-0006,71639,2015,Chevrolet,Equinox,LT,WHITE,175556,True,,2026-04-29,10,6,2GNALBEK5F1100956,18.0,10-0006,71639,2015.0,Chevrolet,Equinox,LT,WHITE,175556.0,Yes,,2026-04-29,10.0,2000.0
18,10-0007,71640,2013,Ram,2500,Big Horn,GREEN,153134,True,,2026-04-29,10,7,3C6UR5JL7DG583429,18.0,10-0007,71640,2013.0,Ram,2500,Big Horn,GREEN,153134.0,Yes,4.9,2026-04-29,10.0,16000.0
21,10-0008,71558,2024,Chevrolet,Silverado 2500,2500HD LT,WHITE,43126,True,4.6,2026-04-29,10,8,2GC4YNEY3R1245074,21.0,10-0008,71558,2024.0,Chevrolet,Silverado 2500,2500HD LT,WHITE,43126.0,Yes,4.6,2026-04-29,10.0,47500.0
10,10-0009,71557,2024,Ford,Transit-350 Cargo Van,"T-350 148"" Low Rf 9950 GVWR",WHITE,1690,True,5.0,2026-04-29,10,9,1FTBF1Y85RKB88524,10.0,10-0009,71557,2024.0,Ford,Transit-350 Cargo Van,"T-350 148"" Low Rf 9950 GVWR",WHITE,1690.0,Yes,5.0,2026-04-29,10.0,31000.0
14,10-0010,71568,2023,GMC,Acadia,SLT,RED,82410,True,4.4,2026-04-29,10,10,1GKKNML40PZ205327,14.0,10-0010,71568,2023.0,GMC,Acadia,SLT,RED,82410.0,Yes,4.4,2026-04-29,10.0,18800.0
22,10-0011,71569,2024,Ford,Escape,Active,BLACK,33937,True,4.2,2026-04-29,10,11,1FMCU9GN8RUA18870,,,,,,,,,,,,,,
23,10-0012,71566,2020,Chevrolet,Silverado 1500,RST,BLUE,50520,True,4.4,2026-04-29,10,12,3GCUYEED2LG401052,,,,,,,,,,,,,,
18,10-0013,71567,2024,Chevrolet,Silverado 1500,LT,WHITE,13938,True,4.8,2026-04-29,10,13,2GCPACED9R1197373,,,,,,,,,,,,,,
24,10-0014,71565,2023,Ford,F150,XLT,GRAY,52761,True,4.6,2026-04-29,10,14,1FTFW1E85PKE14922,24.0,10-0014,71565,2023.0,Ford,F150,XLT,GRAY,52761.0,Yes,4.6,2026-04-29,10.0,35000.0
27,10-0015,71563,2013,Acura,TL,Tech,WHITE,126832,True,3.5,2026-04-29,10,15,19UUA8F56DA008167,,,,,,,,,,,,,,
33,10-0016,71564,2017,GMC,Sierra 1500,Denali,BLACK,120121,True,3.5,2026-04-29,10,16,3GTU2PEJ0HG457078,33.0,10-0016,71564,2017.0,GMC,Sierra 1500,Denali,BLACK,120121.0,Yes,3.5,2026-04-29,10.0,22000.0
33,10-0017,69863,2020,Jeep,Renegade,Latitude,RED,51538,True,3.5,2026-04-29,10,17,ZACNJABB3LPL91275,,,,,,,,,,,,,,
23,10-0018,70606,2022,Honda,Accord,Hybrid Touring,WHITE,55479,True,4.0,2026-04-29,10,18,1HGCV3F95NA027011,23.0,10-0018,70606,2022.0,Honda,Accord,Hybrid Touring,WHITE,55479.0,Yes,4.0,2026-04-29,10.0,23200.0
34,10-0019,70607,2012,GMC,Sierra 1500,SLE,SILVER,151948,True,3.5,2026-04-29,10,19,3GTP2VE76CG151162,34.0,10-0019,70607,2012.0,GMC,Sierra 1500,SLE,SILVER,151948.0,Yes,3.5,2026-04-29,10.0,9000.0
31,10-0020,70608,2020,Chevrolet,Tahoe,LT,SILVER,119342,True,3.9,2026-04-29,10,20,1GNSCBKC4LR192372,,,,,,,,,,,,,,
27,10-0022,71587,2018,Honda,Civic,Hatchback EX,RED,119527,True,3.6,2026-04-29,10,22,SHHFK7H53JU424870,27.0,10-0022,71587,2018.0,Honda,Civic,Hatchback EX,RED,119527.0,Yes,3.6,2026-04-29,10.0,11000.0
16,10-0023,71585,2024,Nissan,Altima,2.5 SR,WHITE,111266,True,4.6,2026-04-29,10,23,1N4BL4CV5RN327871,16.0,10-0023,71585,2024.0,Nissan,Altima,2.5 SR,WHITE,111266.0,Yes,4.6,2026-04-29,10.0,13400.0
21,10-0024,71586,2018,BMW,X1,XDrive28i,GRAY,119077,True,4.4,2026-04-29,10,24,WBXHT3C38J3H31735,21.0,10-0024,71586,2018.0,BMW,X1,XDrive28i,GRAY,119077.0,Yes,4.4,2026-04-29,10.0,6100.0
28,2-0001,71335,2008,Acura,MDX,Tech/Pwr Tail Gate,WHITE,281851,True,2.6,2026-04-29,2,1,2HNYD28658H546550,28.0,2-0001,71335,2008.0,Acura,MDX,Tech/Pwr Tail Gate,WHITE,281851.0,Yes,2.6,2026-04-29,2.0,1000.0
37,2-0002,71408,2016,Nissan,Rogue,SV,GRAY,168905,True,3.5,2026-04-29,2,2,KNMAT2MT7GP660212,37.0,2-0002,71408,2016.0,Nissan,Rogue,SV,GRAY,168905.0,Yes,3.5,2026-04-29,2.0,3000.0
39,2-0003,71323,2010,Ford,Crown Victoria,4dr Sdn w/3.27 Axle,WHITE,1,True,1.9,2026-04-29,2,3,2FABP7BV1AX127306,39.0,2-0003,71323,2010.0,Ford,Crown Victoria,4dr Sdn w/3.27 Axle,WHITE,1.0,Yes,1.9,2026-04-29,2.0,1250.0
26,2-0004,71330,2011,Buick,Enclave,CXL-2,WHITE,154813,True,3.9,2026-04-29,2,4,5GAKRCED3BJ376427,26.0,2-0004,71330,2011.0,Buick,Enclave,CXL-2,WHITE,154813.0,Yes,3.9,2026-04-29,2.0,2000.0
17,2-0005,69432,2016,Lexus,CT 200h,5dr Sdn Hybrid,SILVER,154859,True,,2026-04-29,2,5,JTHKD5BH9G2258169,17.0,2-0005,69432,2016.0,Lexus,CT 200h,5dr Sdn Hybrid,SILVER,154859.0,Yes,,2026-04-29,2.0,3050.0
21,2-0006,61702,2017,Chevrolet,Malibu,LS,SILVER,153455,True,3.8,2026-04-29,2,6,1G1ZB5ST4HF101730,21.0,2-0006,61702,2017.0,Chevrolet,Malibu,LS,SILVER,153455.0,Yes,3.8,2026-04-29,2.0,3600.0
21,2-0007,60572,2017,Jeep,Grand Cherokee,Limited,WHITE,149274,True,4.3,2026-04-29,2,7,1C4RJEBG1HC656424,21.0,2-0007,60572,2017.0,Jeep,Grand Cherokee,Limited,WHITE,149274.0,Yes,4.3,2026-04-29,2.0,7000.0
17,2-0008,69438,2016,Toyota,RAV4,Limited,RED,165730,True,,2026-04-29,2,8,JTMYFREV4GJ067215,17.0,2-0008,69438,2016.0,Toyota,RAV4,Limited,RED,165730.0,Yes,,2026-04-29,2.0,6800.0
21,2-0009,71326,2015,Mazda,CX-5,Touring,RED,64919,True,4.2,2026-04-29,2,9,JM3KE2CY7F0546057,21.0,2-0009,71326,2015.0,Mazda,CX-5,Touring,RED,64919.0,Yes,4.2,2026-04-29,2.0,11600.0
24,2-0010,71325,2017,Toyota,Corolla,SE,WHITE,171506,True,3.0,2026-04-29,2,10,5YFBURHE2HP585604,24.0,2-0010,71325,2017.0,Toyota,Corolla,SE,WHITE,171506.0,Yes,3.0,2026-04-29,2.0,5300.0
6,2-0011,71336,2016,GMC,Acadia,Denali,BLACK,127548,True,4.7,2026-04-29,2,11,1GKKVTKD9GJ276505,6.0,2-0011,71336,2016.0,GMC,Acadia,Denali,BLACK,127548.0,Yes,4.7,2026-04-29,2.0,9200.0
26,2-0012,71320,2014,Toyota,Tacoma,Reg Cab I4 MT (GS),WHITE,125110,True,2.6,2026-04-29,2,12,5TFNX4CN2EX038554,,,,,,,,,,,,,,
27,2-0013,70433,2017,Land Rover,Range Rover Sport,V8 Supercharged,WHITE,86869,True,4.2,2026-04-29,2,13,SALWR2FE2HA174939,27.0,2-0013,70433,2017.0,Land Rover,Range Rover Sport,V8 Supercharged,WHITE,86869.0,Yes,4.2,2026-04-29,2.0,12000.0
23,2-0014,71339,2021,Toyota,Camry,SE,BLUE,125965,True,4.4,2026-04-29,2,14,4T1G11AKXMU511789,23.0,2-0014,71339,2021.0,Toyota,Camry,SE,BLUE,125965.0,Yes,4.4,2026-04-29,2.0,11800.0
27,2-0015,71332,2016,Toyota,Tacoma,SR5 V6,WHITE,147785,True,2.6,2026-04-29,2,15,3TMAZ5CN0GM013269,27.0,2-0015,71332,2016.0,Toyota,Tacoma,SR5 V6,WHITE,147785.0,Yes,2.6,2026-04-29,2.0,15100.0
40,2-0016,71333,2012,Hyundai,Santa Fe,GLS,RED,217609,True,2.0,2026-04-29,2,16,5XYZG4AG7CG105932,40.0,2-0016,71333,2012.0,Hyundai,Santa Fe,GLS,RED,217609.0,Yes,2.0,2026-04-29,2.0,550.0
26,2-0017,71338,2014,Chrysler,Town & Country,Touring,TAN,177972,True,3.4,2026-04-29,2,17,2C4RC1BG8ER143936,26.0,2-0017,71338,2014.0,Chrysler,Town & Country,Touring,TAN,177972.0,Yes,3.4,2026-04-29,2.0,1750.0
34,2-0018,71337,2012,Nissan,Altima,2.5 S,GRAY,167581,True,2.6,2026-04-29,2,18,1N4AL2AP3CN568890,34.0,2-0018,71337,2012.0,Nissan,Altima,2.5 S,GRAY,167581.0,Yes,2.6,2026-04-29,2.0,1650.0
26,2-0019,71322,2016,Ford,Focus,SE,RED,126379,True,3.8,2026-04-29,2,19,1FADP3K28GL239422,26.0,2-0019,71322,2016.0,Ford,Focus,SE,RED,126379.0,Yes,3.8,2026-04-29,2.0,500.0
27,2-0020,71327,2011,Hyundai,Tucson,GLS,RED,182828,True,2.8,2026-04-29,2,20,KM8JU3AC4BU220865,27.0,2-0020,71327,2011.0,Hyundai,Tucson,GLS,RED,182828.0,Yes,2.8,2026-04-29,2.0,3150.0
37,2-0021,71385,2012,Nissan,Rogue,SL,SILVER,120837,True,2.2,2026-04-29,2,21,JN8AS5MV9CW414689,37.0,2-0021,71385,2012.0,Nissan,Rogue,SL,SILVER,120837.0,Yes,2.2,2026-04-29,2.0,1450.0
15,2-0022,70416,2018,Chevrolet,Silverado 1500,LT,WHITE,1,True,3.7,2026-04-29,2,22,3GCUKREC9JG544884,,,,,,,,,,,,,,
32,2-0026,71468,2017,Volvo,XC90,Momentum,BLACK,102707,True,2.4,2026-04-29,2,26,YV4A22PK9H1132940,,,,,,,,,,,,,,
27,2-0027,71470,2014,Chevrolet,Malibu,LT,BLACK,169308,True,3.6,2026-04-29,2,27,1G11C5SL9EF204910,27.0,2-0027,71470,2014.0,Chevrolet,Malibu,LT,BLACK,169308.0,Yes,3.6,2026-04-29,2.0,3100.0
17,2-0028,71466,2008,Ford,F150,XLT,GOLD,94846,True,,2026-04-29,2,28,1FTPW12V98FB01784,17.0,2-0028,71466,2008.0,Ford,F150,XLT,GOLD,94846.0,Yes,,2026-04-29,2.0,5000.0
17,2-0029,71469,2016,Toyota,Sienna,XLE Premium 8 Passenger,WHITE,183896,True,,2026-04-29,2,29,5TDYK3DC5GS700753,,,,,,,,,,,,,,
22,2-0030,71467,2019,Ford,Edge,SEL,BLUE,106569,True,3.7,2026-04-29,2,30,2FMPK3J92KBB77198,,,,,,,,,,,,,,
14,2-0031,71653,2020,Jeep,Wrangler,Unlimited Sport S,SILVER,66426,True,,2026-04-29,2,31,1C4HJXDG1LW338895,14.0,2-0031,71653,2020.0,Jeep,Wrangler,Unlimited Sport S,SILVER,66426.0,Yes,,2026-04-29,2.0,20700.0
23,2-0032,71652,2020,Ram,1500 DS,SLT,WHITE,110467,True,2.2,2026-04-29,2,32,1C6RR6TT7LS135112,23.0,2-0032,71652,2020.0,Ram,1500 DS,SLT,WHITE,110467.0,Yes,2.2,2026-04-29,2.0,14000.0
4,2-0033,71655,2019,GMC,Yukon,Denali,BLACK,197776,True,,2026-04-29,2,33,1GKS2CKJ4KR174294,,,,,,,,,,,,,,
18,2-0034,71656,2021,Chevrolet,Silverado 1500,LT Trail Boss,WHITE,161995,True,,2026-04-29,2,34,1GCPYFED3MZ331517,18.0,2-0034,71656,2021.0,Chevrolet,Silverado 1500,LT Trail Boss,WHITE,161995.0,Yes,,2026-04-29,2.0,21000.0
28,2-0036,70937,2022,Ford,Expedition,XLT,WHITE,57980,True,3.7,2026-04-29,2,36,1FMJU1HT9NEA55193,28.0,2-0036,70937,2022.0,Ford,Expedition,XLT,WHITE,57980.0,Yes,3.7,2026-04-29,2.0,34000.0
39,2-0037,71463,2017,Jeep,Wrangler,Unlimited Sahara,WHITE,113833,True,2.4,2026-04-29,2,37,1C4HJWEG1HL508738,39.0,2-0037,71463,2017.0,Jeep,Wrangler,Unlimited Sahara,WHITE,113833.0,Yes,2.4,2026-04-29,2.0,9400.0
35,2-0038,71462,2018,Volkswagen,Tiguan,SEL,GREEN,108144,True,3.6,2026-04-29,2,38,3VV3B7AX3JM022067,35.0,2-0038,71462,2018.0,Volkswagen,Tiguan,SEL,GREEN,108144.0,Yes,3.6,2026-04-29,2.0,7400.0
46,2-0039,71534,2020,Nissan,Altima,2.0 Platinum,BLUE,104261,True,2.6,2026-04-29,2,39,1N4AL4FV7LC155157,46.0,2-0039,71534,2020.0,Nissan,Altima,2.0 Platinum,BLUE,104261.0,Yes,2.6,2026-04-29,2.0,11800.0
31,2-0040,71516,2022,Nissan,Altima,2.5 SV,BLACK,122322,True,4.0,2026-04-29,2,40,1N4BL4DV1NN390152,31.0,2-0040,71516,2022.0,Nissan,Altima,2.5 SV,BLACK,122322.0,Yes,4.0,2026-04-29,2.0,8700.0
36,2-0041,65798,2008,Acura,RDX,Tech Pkg,GRAY,257473,True,3.3,2026-04-29,2,41,5J8TB185X8A002035,36.0,2-0041,65798,2008.0,Acura,RDX,Tech Pkg,GRAY,257473.0,Yes,3.3,2026-04-29,2.0,2000.0
30,2-0042,71352,2020,Nissan,Altima,2.5 SL,BLACK,119961,True,1.5,2026-04-29,2,42,1N4BL4EV2LC157260,,,,,,,,,,,,,,
38,2-0043,71386,2017,Nissan,Murano 2017.5,SL,BLACK,126425,True,2.2,2026-04-29,2,43,5N1AZ2MG2HN196238,38.0,2-0043,71386,2017.0,Nissan,Murano 2017.5,SL,BLACK,126425.0,Yes,2.2,2026-04-29,2.0,8300.0
4,2-0045,71139,2013,Ford,Edge,SEL,WHITE,155390,True,,2026-04-29,2,45,2FMDK3JCXDBB22483,4.0,2-0045,71139,2013.0,Ford,Edge,SEL,WHITE,155390.0,Yes,,2026-04-29,2.0,2300.0
32,2-0046,71512,2013,Lexus,RX 350,4dr,WHITE,148382,True,3.7,2026-04-29,2,46,2T2BK1BA6DC155884,32.0,2-0046,71512,2013.0,Lexus,RX 350,4dr,WHITE,148382.0,Yes,3.7,2026-04-29,2.0,10000.0
27,2-0047,71511,2011,Acura,MDX,4dr,GRAY,132545,True,3.3,2026-04-29,2,47,2HNYD2H22BH525045,,,,,,,,,,,,,,
18,2-0048,69420,2006,Ford,F150,XLT,RED,118662,True,,2026-04-29,2,48,1FTPW12516KB21970,,,,,,,,,,,,,,
21,2-0053,71607,2021,Toyota,Avalon,Limited,BLACK,56620,True,4.2,2026-04-29,2,53,4T1NB1BB9MU001646,,,,,,,,,,,,,,
27,2-0054,71606,2016,Nissan,Frontier,S,WHITE,143988,True,3.6,2026-04-29,2,54,1N6BD0CT1GN794763,27.0,2-0054,71606,2016.0,Nissan,Frontier,S,WHITE,143988.0,Yes,3.7,2026-04-29,2.0,5400.0
26,2-0055,71611,2019,Dodge,Charger,SXT,BLUE,90454,True,,2026-04-29,2,55,2C3CDXBG1KH678506,26.0,2-0055,71611,2019.0,Dodge,Charger,SXT,BLUE,90454.0,Yes,,2026-04-29,2.0,12700.0
31,2-0056,71152,2016,GMC,Sierra 1500,SLE,BLACK,165765,True,3.5,2026-04-29,2,56,3GTU2MEC4GG362425,31.0,2-0056,71152,2016.0,GMC,Sierra 1500,SLE,BLACK,165765.0,Yes,3.5,2026-04-29,2.0,13200.0
26,2-0057,71605,2014,Volkswagen,Jetta,Sedan SE w/Connectivity,BLACK,93488,True,3.6,2026-04-29,2,57,3VWD17AJ8EM370127,,,,,,,,,,,,,,
18,2-0058,71604,2023,Nissan,Sentra,SV,GRAY,46067,True,4.2,2026-04-29,2,58,3N1AB8CV1PY304672,18.0,2-0058,71604,2023.0,Nissan,Sentra,SV,GRAY,46067.0,Yes,4.2,2026-04-29,2.0,14200.0
33,2-0059,71612,2008,Jeep,Wrangler,Unlimited X,BLACK,195277,True,2.9,2026-04-29,2,59,1J4GA39118L507860,33.0,2-0059,71612,2008.0,Jeep,Wrangler,Unlimited X,BLACK,195277.0,Yes,2.9,2026-04-29,2.0,5800.0
17,2-0060,71609,2009,Honda,Accord,Sdn LX,RED,171932,True,,2026-04-29,2,60,JHMCP26379C011996,,,,,,,,,,,,,,
27,2-0061,71610,2013,Volkswagen,Jetta,SportWagen TDI w/Sunroof & Nav,BLACK,79641,True,3.5,2026-04-29,2,61,3VWPL7AJ4DM665490,,,,,,,,,,,,,,
3,2-0062,71608,2004,Chevrolet,G3500 Vans,C6Y,WHITE,211241,True,,2026-04-29,2,62,1GBHG31V841228228,3.0,2-0062,71608,2004.0,Chevrolet,G3500 Vans,C6Y,WHITE,211241.0,Yes,,2026-04-29,2.0,3900.0
22,2-0068,71588,2018,Subaru,Crosstrek,Premium,SILVER,116518,True,4.6,2026-04-29,2,68,JF2GTABC8JH297820,22.0,2-0068,71588,2018.0,Subaru,Crosstrek,Premium,SILVER,116518.0,Yes,4.6,2026-04-29,2.0,5300.0
18,2-0069,71589,2013,Toyota,RAV4,Limited,WHITE,152576,True,,2026-04-29,2,69,2T3DFREV0DW054361,18.0,2-0069,71589,2013.0,Toyota,RAV4,Limited,WHITE,152576.0,Yes,3.8,2026-04-29,2.0,8200.0
25,2-0070,71637,2023,Nissan,Rogue,SL,BLACK,92909,True,4.2,2026-04-29,2,70,5N1BT3CB7PC947197,25.0,2-0070,71637,2023.0,Nissan,Rogue,SL,BLACK,92909.0,Yes,4.2,2026-04-29,2.0,17000.0
24,2-0071,71075,2017,Toyota,Prius,Four,WHITE,140721,True,4.4,2026-04-29,2,71,JTDKARFU8H3046786,,,,,,,,,,,,,,
21,2-0072,71638,2017,Ram,1500 ProMaster Vans,"1500 Low Roof 136"" WB",WHITE,98492,True,2.7,2026-04-29,2,72,3C6TRVAGXHE502925,21.0,2-0072,71638,2017.0,Ram,1500 ProMaster Vans,"1500 Low Roof 136"" WB",WHITE,98492.0,Yes,2.7,2026-04-29,2.0,6000.0
30,2-0073,71530,2011,Ford,F150,FX4,BLACK,183941,True,2.9,2026-04-29,2,73,1FTFW1EF2BFA16213,30.0,2-0073,71530,2011.0,Ford,F150,FX4,BLACK,183941.0,Yes,2.9,2026-04-29,2.0,8000.0
19,2-0074,71529,2017,Chevrolet,Equinox,Premier,WHITE,87212,True,4.2,2026-04-29,2,74,2GNALDEK9H1508794,19.0,2-0074,71529,2017.0,Chevrolet,Equinox,Premier,WHITE,87212.0,Yes,4.2,2026-04-29,2.0,10000.0
17,2-0075,71531,2010,Toyota,Camry,LE,BLACK,120920,True,,2026-04-29,2,75,4T4BF3EK1AR046404,,,,,,,,,,,,,,
15,2-0076,71532,2015,Ford,F150,XL,GRAY,194742,True,,2026-04-29,2,76,1FTEW1C86FFA95312,15.0,2-0076,71532,2015.0,Ford,F150,XL,GRAY,194742.0,Yes,,2026-04-29,2.0,6000.0
32,2-0077,71533,2018,Buick,Encore,Preferred,BLUE,123187,True,3.5,2026-04-29,2,77,KL4CJASB0JB589372,32.0,2-0077,71533,2018.0,Buick,Encore,Preferred,BLUE,123187.0,Yes,3.5,2026-04-29,2.0,4500.0
8,2-0078,71584,2025,Toyota,Camry,LE,SILVER,14679,True,5.0,2026-04-29,2,78,4T1DAACK5SU604801,8.0,2-0078,71584,2025.0,Toyota,Camry,LE,SILVER,14679.0,Yes,5.0,2026-04-29,2.0,23000.0
18,2-0079,71583,2017,Chevrolet,Traverse,LT,BLUE,119144,True,3.7,2026-04-29,2,79,1GNKRHKD8HJ207813,18.0,2-0079,71583,2017.0,Chevrolet,Traverse,LT,BLUE,119144.0,Yes,3.7,2026-04-29,2.0,4050.0
7,2-0084,71663,2018,Nissan,Altima,2.5 S,GRAY,122576,True,,2026-04-29,2,84,1N4AL3AP3JC122186,,,,,,,,,,,,,,
19,2-0085,71560,2025,Nissan,Altima,SV,BLACK,30132,True,3.6,2026-04-29,2,85,1N4BL4DV0SN323392,19.0,2-0085,71560,2025.0,Nissan,Altima,SV,BLACK,30132.0,Yes,3.6,2026-04-29,2.0,18000.0
11,2-0086,71668,2023,Chevrolet,Blazer,LT,BLACK,27237,True,4.9,2026-04-29,2,86,3GNKBHR4XPS162154,11.0,2-0086,71668,2023.0,Chevrolet,Blazer,LT,BLACK,27237.0,Yes,4.9,2026-04-29,2.0,21000.0
18,2-0087,71509,2008,Dodge,Caliber,SXT,SILVER,210961,True,,2026-04-29,2,87,1B3HB48B68D673844,18.0,2-0087,71509,2008.0,Dodge,Caliber,SXT,SILVER,210961.0,Yes,,2026-04-29,2.0,500.0
23,2-0091,71208,2019,Chevrolet,Blazer,4dr w/2LT,WHITE,140489,True,4.1,2026-04-29,2,91,3GNKBCRS1KS677831,23.0,2-0091,71208,2019.0,Chevrolet,Blazer,4dr w/2LT,WHITE,140489.0,Yes,4.1,2026-04-29,2.0,7800.0
30,2-0094,71221,2025,Ram,1500,Rebel,BLUE,34937,True,3.4,2026-04-29,2,94,1C6SRFLP7SN764435,30.0,2-0094,71221,2025.0,Ram,1500,Rebel,BLUE,34937.0,Yes,3.4,2026-04-29,2.0,42000.0
34,2-0097,70654,2020,Ford,F150,XL,GRAY,114909,True,2.8,2026-04-29,2,97,1FTEW1CP3LKD37628,34.0,2-0097,70654,2020.0,Ford,F150,XL,GRAY,114909.0,Yes,2.8,2026-04-29,2.0,13600.0
4,2-0098,71552,2014,INFINITI,QX80,4dr,GRAY,271646,True,,2026-04-29,2,98,JN8AZ2NF5E9552426,,,,,,,,,,,,,,
29,3-0001,69343,2020,Nissan,Versa,SV,WHITE,126489,True,3.5,2026-04-29,3,1,3N1CN8EV4LL809805,29.0,3-0001,69343,2020.0,Nissan,Versa,SV,WHITE,126489.0,Yes,3.5,2026-04-29,3.0,5100.0
35,3-0002,67633,2017,Toyota,Camry,SE,BLACK,144424,True,2.9,2026-04-29,3,2,4T1BF1FK8HU431787,35.0,3-0002,67633,2017.0,Toyota,Camry,SE,BLACK,144424.0,Yes,2.9,2026-04-29,3.0,7600.0
28,3-0003,69270,2016,Honda,Pilot,EX-L,WHITE,151565,True,4.5,2026-04-29,3,3,5FNYF5H55GB039015,28.0,3-0003,69270,2016.0,Honda,Pilot,EX-L,WHITE,151565.0,Yes,4.5,2026-04-29,3.0,7900.0
30,3-0004,69562,2011,Honda,Accord,Cpe LX-S,GRAY,179614,True,4.1,2026-04-29,3,4,1HGCS1B33BA011660,30.0,3-0004,69562,2011.0,Honda,Accord,Cpe LX-S,GRAY,179614.0,Yes,4.1,2026-04-29,3.0,3200.0
39,3-0005,69730,2014,Ford,E150 Vans,Commercial,BLACK,224674,True,2.1,2026-04-29,3,5,1FTNE1EW8EDA73028,39.0,3-0005,69730,2014.0,Ford,E150 Vans,Commercial,BLACK,224674.0,Yes,2.1,2026-04-29,3.0,4000.0
37,3-0006,69545,2014,Nissan,Maxima,3.5 S,BLACK,211266,True,2.7,2026-04-29,3,6,1N4AA5AP0EC490705,37.0,3-0006,69545,2014.0,Nissan,Maxima,3.5 S,BLACK,211266.0,Yes,2.7,2026-04-29,3.0,2000.0
20,3-0007,68340,2016,Kia,Soul,+,BLUE,85085,True,2.3,2026-04-29,3,7,KNDJP3A58G7297581,20.0,3-0007,68340,2016.0,Kia,Soul,+,BLUE,85085.0,Yes,2.3,2026-04-29,3.0,4800.0
35,3-0008,68750,2017,Hyundai,Sonata,Sport,WHITE,80464,True,1.3,2026-04-29,3,8,5NPE34AF1HH540219,,,,,,,,,,,,,,
30,3-0009,67178,2017,Ford,Explorer,XLT,SILVER,111441,True,2.5,2026-04-29,3,9,1FM5K8DH5HGC43820,,,,,,,,,,,,,,
38,3-0010,68240,2020,Toyota,Corolla,LE,WHITE,130064,True,2.3,2026-04-29,3,10,JTDEPRAE3LJ037705,,,,,,,,,,,,,,
29,3-0011,69373,2014,Nissan,Rogue Select,S,BLACK,164472,True,2.4,2026-04-29,3,11,JN8AS5MT6EW100287,29.0,3-0011,69373,2014.0,Nissan,Rogue Select,S,BLACK,164472.0,Yes,2.4,2026-04-29,3.0,2600.0
42,3-0012,67541,2015,Chrysler,200,C,BLUE,180463,True,1.3,2026-04-29,3,12,1C3CCCCB2FN714392,42.0,3-0012,67541,2015.0,Chrysler,200,C,BLUE,180463.0,Yes,1.3,2026-04-29,3.0,1200.0
46,3-0013,68870,2017,Ford,Fusion,Platinum,WHITE,202692,True,1.6,2026-04-29,3,13,3FA6P0K93HR154480,46.0,3-0013,68870,2017.0,Ford,Fusion,Platinum,WHITE,202692.0,Yes,1.6,2026-04-29,3.0,1700.0
14,3-0014,67777,2015,Buick,Enclave,Premium,GRAY,205114,True,2.6,2026-04-29,3,14,5GAKRCKDXFJ149374,14.0,3-0014,67777,2015.0,Buick,Enclave,Premium,GRAY,205114.0,Yes,2.6,2026-04-29,3.0,1600.0
28,3-0015,69374,2009,Chevrolet,Corvette,w/1LT,ORANGE,154586,True,3.7,2026-04-29,3,15,1G1YY25W995102006,,,,,,,,,,,,,,
31,3-0017,68495,2015,Chrysler,200,Limited,WHITE,94423,True,1.8,2026-04-29,3,17,1C3CCCAB1FN580459,31.0,3-0017,68495,2015.0,Chrysler,200,Limited,WHITE,94423.0,Yes,1.8,2026-04-29,3.0,1500.0
33,3-0018,69382,2018,Chevrolet,Cruze,LT,WHITE,99865,True,2.4,2026-04-29,3,18,1G1BE5SM6J7165768,,,,,,,,,,,,,,
41,3-0019,69044,2020,Nissan,Versa,SV,SILVER,107181,True,1.3,2026-04-29,3,19,3N1CN8EV6LL852123,41.0,3-0019,69044,2020.0,Nissan,Versa,SV,SILVER,107181.0,Yes,1.3,2026-04-29,3.0,1600.0
37,3-0020,68345,2018,Dodge,Grand Caravan,SXT,SILVER,117964,True,2.8,2026-04-29,3,20,2C4RDGCG2JR205646,,,,,,,,,,,,,,
17,3-0021,67181,2018,Chevrolet,Equinox,LT,RED,130785,True,1.3,2026-04-29,3,21,2GNAXSEVXJ6264178,17.0,3-0021,67181,2018.0,Chevrolet,Equinox,LT,RED,130785.0,Yes,1.3,2026-04-29,3.0,4900.0
35,3-0023,68278,2015,Jeep,Renegade,Limited,BLUE,144224,True,1.3,2026-04-29,3,23,ZACCJADT2FPC02264,35.0,3-0023,68278,2015.0,Jeep,Renegade,Limited,BLUE,144224.0,Yes,1.3,2026-04-29,3.0,3300.0
39,3-0024,66593,2017,Dodge,Grand Caravan,SXT,GRAY,146136,True,1.3,2026-04-29,3,24,2C4RDGCG3HR558150,39.0,3-0024,66593,2017.0,Dodge,Grand Caravan,SXT,GRAY,146136.0,Yes,1.3,2026-04-29,3.0,1100.0
34,3-0025,68866,2015,Buick,Verano,4dr Sdn w/1SD,WHITE,148387,True,2.6,2026-04-29,3,25,1G4PP5SK8F4196773,,,,,,,,,,,,,,
36,3-0026,69211,2015,Ford,Explorer,Limited,GRAY,173115,True,1.9,2026-04-29,3,26,1FM5K8F87FGB16884,,,,,,,,,,,,,,
39,3-0028,69200,2019,Nissan,Altima,2.5 SR,BLACK,214060,True,1.3,2026-04-29,3,28,1N4BL4CV6KC106507,39.0,3-0028,69200,2019.0,Nissan,Altima,2.5 SR,BLACK,214060.0,Yes,1.3,2026-04-29,3.0,2800.0
37,3-0029,69344,2017,Toyota,Camry,LE,GRAY,225864,True,2.2,2026-04-29,3,29,4T1BF1FK6HU380192,,,,,,,,,,,,,,
40,3-0030,69280,2015,Nissan,Rogue,SV,GRAY,250404,True,1.7,2026-04-29,3,30,KNMAT2MT4FP557523,40.0,3-0030,69280,2015.0,Nissan,Rogue,SV,GRAY,250404.0,Yes,1.7,2026-04-29,3.0,1700.0
34,3-0031,67027,2019,Chrysler,300,Limited,WHITE,93714,True,2.0,2026-04-29,3,31,2C3CCAEG6KH687150,34.0,3-0031,67027,2019.0,Chrysler,300,Limited,WHITE,93714.0,Yes,2.0,2026-04-29,3.0,5400.0
38,3-0032,69441,2017,Dodge,Charger,SXT,BLACK,156595,True,1.5,2026-04-29,3,32,2C3CDXHG0HH503423,38.0,3-0032,69441,2017.0,Dodge,Charger,SXT,BLACK,156595.0,Yes,1.5,2026-04-29,3.0,5100.0
19,3-0035,69861,2020,Toyota,Tacoma,SR,WHITE,137091,True,4.1,2026-04-29,3,35,5TFRX5GN7LX175357,,,,,,,,,,,,,,
28,3-0037,69278,2025,Nissan,Kicks Play,S,WHITE,12812,True,4.4,2026-04-29,3,37,3N1CP5BV1SL490083,28.0,3-0037,69278,2025.0,Nissan,Kicks Play,S,WHITE,12812.0,Yes,4.4,2026-04-29,3.0,17300.0
27,3-0038,70454,2019,Hyundai,Kona,Ultimate,BLUE,23302,True,4.8,2026-04-29,3,38,KM8K5CA52KU331420,,,,,,,,,,,,,,
27,3-0039,70338,2024,Chevrolet,Malibu,LT,GRAY,30382,True,4.2,2026-04-29,3,39,1G1ZD5ST6RF231648,27.0,3-0039,70338,2024.0,Chevrolet,Malibu,LT,GRAY,30382.0,Yes,4.2,2026-04-29,3.0,18200.0
29,3-0040,68710,2019,Ford,EcoSport,S,WHITE,48905,True,4.4,2026-04-29,3,40,MAJ3S2FE0KC269810,29.0,3-0040,68710,2019.0,Ford,EcoSport,S,WHITE,48905.0,Yes,4.4,2026-04-29,3.0,10700.0
30,3-0041,69351,2024,Nissan,Sentra,S,BLACK,38969,True,3.6,2026-04-29,3,41,3N1AB8BV4RY234377,30.0,3-0041,69351,2024.0,Nissan,Sentra,S,BLACK,38969.0,Yes,3.6,2026-04-29,3.0,15500.0
32,3-0042,69972,2019,Hyundai,Elantra,SE,BLUE,61320,True,4.6,2026-04-29,3,42,5NPD74LF9KH492151,,,,,,,,,,,,,,
28,3-0044,66944,2015,Porsche,Macan,S,BLUE,82695,True,3.8,2026-04-29,3,44,WP1AB2A57FLB70009,28.0,3-0044,66944,2015.0,Porsche,Macan,S,BLUE,82695.0,Yes,3.8,2026-04-29,3.0,12800.0
29,3-0045,69468,2018,Nissan,Altima,2.5 S,SILVER,86516,True,4.7,2026-04-29,3,45,1N4AL3AP6JC159460,29.0,3-0045,69468,2018.0,Nissan,Altima,2.5 S,SILVER,86516.0,Yes,4.7,2026-04-29,3.0,9600.0
26,3-0046,67052,2016,Toyota,RAV4,XLE,WHITE,119720,True,4.5,2026-04-29,3,46,2T3WFREV8GW284288,25.0,3-0046,67052,2016.0,Toyota,RAV4,XLE,WHITE,119720.0,Yes,4.5,2026-04-29,3.0,11900.0
29,3-0047,70786,2015,Ford,Mustang,EcoBoost,GRAY,81835,True,4.2,2026-04-29,3,47,1FA6P8THXF5343888,29.0,3-0047,70786,2015.0,Ford,Mustang,EcoBoost,GRAY,81835.0,Yes,4.2,2026-04-29,3.0,13100.0
22,3-0048,69941,2019,Land Rover,Range Rover Velar,R-Dynamic SE,GRAY,88146,True,3.2,2026-04-29,3,48,SALYL2EX8KA208337,,,,,,,,,,,,,,
30,3-0049,68673,2020,Buick,Encore,Preferred,RED,102746,True,3.5,2026-04-29,3,49,KL4CJASB3LB065801,30.0,3-0049,68673,2020.0,Buick,Encore,Preferred,RED,102746.0,Yes,3.5,2026-04-29,3.0,8000.0
29,3-0051,64803,2021,Toyota,Venza,LE,GRAY,101606,True,4.5,2026-04-29,3,51,JTEAAAAH7MJ057142,,,,,,,,,,,,,,
38,3-0052,70372,2021,Dodge,Charger,SXT,BLACK,107257,True,2.5,2026-04-29,3,52,2C3CDXBG6MH519872,,,,,,,,,,,,,,
30,3-0053,66409,2021,Jeep,Grand Cherokee L,Limited,RED,116369,True,3.7,2026-04-29,3,53,1C4RJJBG5M8103247,,,,,,,,,,,,,,
27,3-0054,69759,2018,Toyota,C-HR,XLE,SILVER,129906,True,4.1,2026-04-29,3,54,JTNKHMBX6J1006007,27.0,3-0054,69759,2018.0,Toyota,C-HR,XLE,SILVER,129906.0,Yes,4.1,2026-04-29,3.0,8200.0
32,3-0055,66008,2019,Chevrolet,Malibu,LT,WHITE,133913,True,2.9,2026-04-29,3,55,1G1ZD5ST8KF134764,32.0,3-0055,66008,2019.0,Chevrolet,Malibu,LT,WHITE,133913.0,Yes,2.9,2026-04-29,3.0,5000.0
34,3-0056,68409,2014,Ram,1500,Big Horn,SILVER,136733,True,4.1,2026-04-29,3,56,1C6RR7GG5ES401930,33.0,3-0056,68409,2014.0,Ram,1500,Big Horn,SILVER,136733.0,Yes,4.1,2026-04-29,3.0,9800.0
22,3-0057,61947,2019,Mercedes-Benz,GLC,300 Coupe 4MATIC,SILVER,138943,True,3.5,2026-04-29,3,57,WDC0J4KB4KF514897,22.0,3-0057,61947,2019.0,Mercedes-Benz,GLC,300 Coupe 4MATIC,SILVER,138943.0,Yes,3.5,2026-04-29,3.0,18200.0
32,3-0058,69804,2017,Jeep,Cherokee,Altitude,WHITE,142473,True,4.1,2026-04-29,3,58,1C4PJLAB1HW535800,,,,,,,,,,,,,,
28,3-0062,69372,2021,Chevrolet,Tahoe,LT,GRAY,93337,True,1.9,2026-04-29,3,62,1GNSCNKD4MR140851,28.0,3-0062,69372,2021.0,Chevrolet,Tahoe,LT,GRAY,93337.0,Yes,1.9,2026-04-29,3.0,26400.0
17,3-0063,68410,2016,Chevrolet,Trax,LT,SILVER,35815,True,3.7,2026-04-29,3,63,3GNCJPSB1GL257836,,,,,,,,,,,,,,
35,3-0064,54401,2023,Chevrolet,Malibu,LT,BLUE,68237,True,1.5,2026-04-29,3,64,1G1ZD5ST6PF214443,,,,,,,,,,,,,,
33,3-0065,68272,2016,Kia,Forte,LX,GRAY,75078,True,2.3,2026-04-29,3,65,KNAFK4A6XG5582309,33.0,3-0065,68272,2016.0,Kia,Forte,LX,GRAY,75078.0,Yes,2.3,2026-04-29,3.0,3500.0
30,3-0067,67098,2019,Chevrolet,Impala,Premier,SILVER,99228,True,2.9,2026-04-29,3,67,1G1105S36KU141510,30.0,3-0067,67098,2019.0,Chevrolet,Impala,Premier,SILVER,99228.0,Yes,2.9,2026-04-29,3.0,9000.0
28,3-0068,70242,2017,Ford,Escape,Titanium,BLACK,102532,True,1.9,2026-04-29,3,68,1FMCU0JD7HUD82742,28.0,3-0068,70242,2017.0,Ford,Escape,Titanium,BLACK,102532.0,Yes,1.9,2026-04-29,3.0,3200.0
38,3-0069,69674,2017,Jeep,Cherokee,Latitude,BLACK,104504,True,1.7,2026-04-29,3,69,1C4PJMCSXHW615194,38.0,3-0069,69674,2017.0,Jeep,Cherokee,Latitude,BLACK,104504.0,Yes,1.7,2026-04-29,3.0,4100.0
29,3-0071,66653,2019,Ford,F150,XL,RED,108060,True,3.0,2026-04-29,3,71,1FTEW1CP2KKC59096,29.0,3-0071,66653,2019.0,Ford,F150,XL,RED,108060.0,Yes,3.0,2026-04-29,3.0,13600.0
33,3-0072,69486,2021,Hyundai,Palisade,Limited,BLACK,110989,True,3.7,2026-04-29,3,72,KM8R5DHE1MU221519,33.0,3-0072,69486,2021.0,Hyundai,Palisade,Limited,BLACK,110989.0,Yes,3.7,2026-04-29,3.0,15500.0
36,3-0073,69969,2013,Subaru,XV Crosstrek,Limited,WHITE,118529,True,2.0,2026-04-29,3,73,JF2GPAKC1D2900120,,,,,,,,,,,,,,
29,3-0074,65929,2017,Hyundai,Elantra,SE,BLUE,83244,True,2.3,2026-04-29,3,74,5NPD84LF3HH191946,,,,,,,,,,,,,,
33,3-0076,69885,2014,Chevrolet,Impala Limited,LT,BLACK,89406,True,3.1,2026-04-29,3,76,2G1WB5E37E1174415,33.0,3-0076,69885,2014.0,Chevrolet,Impala Limited,LT,BLACK,89406.0,Yes,3.1,2026-04-29,3.0,3000.0
34,3-0078,70262,2017,Chevrolet,Cruze,LT,BLUE,94248,True,3.3,2026-04-29,3,78,1G1BE5SM2H7188815,34.0,3-0078,70262,2017.0,Chevrolet,Cruze,LT,BLUE,94248.0,Yes,3.3,2026-04-29,3.0,5100.0
43,3-0079,67993,2021,Chevrolet,Trax,LS,BLACK,95286,True,1.5,2026-04-29,3,79,KL7CJNSB1MB307643,43.0,3-0079,67993,2021.0,Chevrolet,Trax,LS,BLACK,95286.0,Yes,1.5,2026-04-29,3.0,3300.0
30,3-0080,69871,2013,Cadillac,SRX,Luxury Collection,BLACK,103178,True,2.0,2026-04-29,3,80,3GYFNGE38DS635936,30.0,3-0080,69871,2013.0,Cadillac,SRX,Luxury Collection,BLACK,103178.0,Yes,2.0,2026-04-29,3.0,3600.0
33,3-0081,69485,2020,Chevrolet,Trax,LS,SILVER,103339,True,1.4,2026-04-29,3,81,KL7CJKSB7LB029263,33.0,3-0081,69485,2020.0,Chevrolet,Trax,LS,SILVER,103339.0,Yes,1.4,2026-04-29,3.0,2800.0
29,3-0082,70260,2016,Hyundai,Sonata,Hybrid SE,BLUE,114651,True,1.6,2026-04-29,3,82,KMHE24L15GA038092,,,,,,,,,,,,,,
37,3-0083,69752,2016,Nissan,Versa,SL,BLACK,116627,True,2.6,2026-04-29,3,83,3N1CN7AP0GL867997,37.0,3-0083,69752,2016.0,Nissan,Versa,SL,BLACK,116627.0,Yes,2.6,2026-04-29,3.0,2200.0
35,3-0084,68677,2021,GMC,Terrain,SLE,WHITE,128714,True,1.3,2026-04-29,3,84,3GKALTEVXML354526,35.0,3-0084,68677,2021.0,GMC,Terrain,SLE,WHITE,128714.0,Yes,1.3,2026-04-29,3.0,5500.0
32,3-0085,65738,2011,Mercedes-Benz,GL Class,GL 450,GRAY,140977,True,3.3,2026-04-29,3,85,4JGBF7BE8BA757908,32.0,3-0085,65738,2011.0,Mercedes-Benz,GL Class,GL 450,GRAY,140977.0,Yes,3.3,2026-04-29,3.0,4200.0
44,3-0086,69853,2016,Kia,Rio,LX,SILVER,148502,True,1.7,2026-04-29,3,86,KNADM4A38G6532090,44.0,3-0086,69853,2016.0,Kia,Rio,LX,SILVER,148502.0,Yes,1.7,2026-04-29,3.0,2200.0
37,3-0087,63117,2017,Ford,Fusion,SE,GRAY,158472,True,2.4,2026-04-29,3,87,3FA6P0HD3HR253361,37.0,3-0087,63117,2017.0,Ford,Fusion,SE,GRAY,158472.0,Yes,2.4,2026-04-29,3.0,2600.0
44,3-0088,68983,2012,Subaru,Outback,3.6R Limited,GRAY,159995,True,2.5,2026-04-29,3,88,4S4BRDLC2C2209854,44.0,3-0088,68983,2012.0,Subaru,Outback,3.6R Limited,GRAY,159995.0,Yes,2.5,2026-04-29,3.0,1700.0
41,3-0089,68622,2015,Ford,Fusion,SE,BROWN,173258,True,1.3,2026-04-29,3,89,3FA6P0H75FR257046,41.0,3-0089,68622,2015.0,Ford,Fusion,SE,BROWN,173258.0,Yes,1.3,2026-04-29,3.0,2900.0
32,3-0090,69929,2017,Kia,Sorento,LX,SILVER,180349,True,1.3,2026-04-29,3,90,5XYPG4A35HG246283,32.0,3-0090,69929,2017.0,Kia,Sorento,LX,SILVER,180349.0,Yes,1.3,2026-04-29,3.0,1900.0
28,3-0091,68022,2015,Chevrolet,Equinox,LT,WHITE,181762,True,2.0,2026-04-29,3,91,1GNALBEK3FZ123529,28.0,3-0091,68022,2015.0,Chevrolet,Equinox,LT,WHITE,181762.0,Yes,2.0,2026-04-29,3.0,1800.0
20,3-0093,69226,2016,Jeep,Cherokee,Sport,WHITE,213223,True,2.5,2026-04-29,3,93,1C4PJMAB8GW231836,20.0,3-0093,69226,2016.0,Jeep,Cherokee,Sport,WHITE,213223.0,Yes,2.5,2026-04-29,3.0,2800.0
51,3-0094,69854,2015,Jeep,Patriot,Sport,BLACK,237597,True,1.3,2026-04-29,3,94,1C4NJPBBXFD204087,51.0,3-0094,69854,2015.0,Jeep,Patriot,Sport,BLACK,237597.0,Yes,1.3,2026-04-29,3.0,600.0
43,3-0095,69553,2016,Nissan,Altima,2.5 SV,BLUE,251638,True,1.3,2026-04-29,3,95,1N4AL3AP8GC154379,43.0,3-0095,69553,2016.0,Nissan,Altima,2.5 SV,BLUE,251638.0,Yes,1.3,2026-04-29,3.0,600.0
29,3-0096,69970,2015,Jeep,Patriot,Sport,WHITE,126009,True,3.7,2026-04-29,3,96,1C4NJPBB0FD192774,29.0,3-0096,69970,2015.0,Jeep,Patriot,Sport,WHITE,126009.0,Yes,3.7,2026-04-29,3.0,2900.0
34,3-0097,70503,2018,Chrysler,300,300S,GRAY,144806,True,2.8,2026-04-29,3,97,2C3CCABG7JH301399,34.0,3-0097,70503,2018.0,Chrysler,300,300S,GRAY,144806.0,Yes,2.8,2026-04-29,3.0,6500.0
17,4-0001,71571,2016,Jeep,Wrangler,Unlimited Rubicon,BLACK,158350,True,,2026-04-29,4,1,1C4BJWFG9GL164871,17.0,4-0001,71571,2016.0,Jeep,Wrangler,Unlimited Rubicon,BLACK,158350.0,Yes,,2026-04-29,4.0,11600.0
43,4-0002,71570,2018,Nissan,Altima,2.5 S,BLACK,145343,True,2.2,2026-04-29,4,2,1N4AL3AP3JC117831,43.0,4-0002,71570,2018.0,Nissan,Altima,2.5 S,BLACK,145343.0,Yes,2.2,2026-04-29,4.0,4800.0
24,4-0003,71541,2017,Dodge,Grand Caravan,SXT,WHITE,114576,True,3.9,2026-04-29,4,3,2C4RDGCG1HR773414,24.0,4-0003,71541,2017.0,Dodge,Grand Caravan,SXT,WHITE,114576.0,Yes,3.9,2026-04-29,4.0,6000.0
22,4-0004,71543,2017,Jeep,Renegade,Latitude,GRAY,137082,True,4.3,2026-04-29,4,4,ZACCJABB2HPF03095,22.0,4-0004,71543,2017.0,Jeep,Renegade,Latitude,GRAY,137082.0,Yes,4.3,2026-04-29,4.0,5500.0
24,4-0005,71625,2018,Jeep,Compass,Latitude,BLUE,103728,True,4.2,2026-04-29,4,5,3C4NJDBB1JT117115,24.0,4-0005,71625,2018.0,Jeep,Compass,Latitude,BLUE,103728.0,Yes,4.2,2026-04-29,4.0,8800.0
24,4-0006,71544,2018,Dodge,Grand Caravan,GT,BLACK,83177,True,4.3,2026-04-29,4,6,2C4RDGEG3JR331916,24.0,4-0006,71544,2018.0,Dodge,Grand Caravan,GT,BLACK,83177.0,Yes,4.3,2026-04-29,4.0,8500.0
17,4-0007,71537,2006,Toyota,4Runner,SR5 V6,WHITE,131225,True,,2026-04-29,4,7,JTEZU14RX60066098,17.0,4-0200,71537,2006.0,Toyota,4Runner,SR5 V6,WHITE,131225.0,Yes,,2026-04-29,4.0,7000.0
20,4-0008,71545,2016,Chevrolet,Malibu,LT,BLUE,86688,True,3.8,2026-04-29,4,8,1G1ZE5ST9GF334752,20.0,4-0201,71545,2016.0,Chevrolet,Malibu,LT,BLUE,86688.0,Yes,3.8,2026-04-29,4.0,7000.0
22,4-0009,71538,2016,Chevrolet,Camaro,1LT,WHITE,148794,True,4.5,2026-04-29,4,9,1G1FB1RS8G0163383,22.0,4-0009,71538,2016.0,Chevrolet,Camaro,1LT,WHITE,148794.0,Yes,4.5,2026-04-29,4.0,8400.0
24,4-0010,71539,2016,Nissan,Altima,2.5 S,BROWN,126130,True,4.1,2026-04-29,4,10,1N4AL3AP1GC288103,24.0,4-0010,71539,2016.0,Nissan,Altima,2.5 S,BROWN,126130.0,Yes,4.1,2026-04-29,4.0,4700.0
23,4-0011,71542,2019,Ford,Fusion,SEL,GOLD,143796,True,4.5,2026-04-29,4,11,3FA6P0CD2KR138412,23.0,4-0011,71542,2019.0,Ford,Fusion,SEL,GOLD,143796.0,Yes,4.5,2026-04-29,4.0,5900.0
18,4-0012,71536,2011,Buick,LaCrosse,CXS,WHITE,61594,True,4.7,2026-04-29,4,12,1G4GE5ED0BF178009,18.0,4-0012,71536,2011.0,Buick,LaCrosse,CXS,WHITE,61594.0,Yes,4.7,2026-04-29,4.0,6200.0
20,4-0013,71540,2019,Chevrolet,Malibu,LS,SILVER,149261,True,4.1,2026-04-29,4,13,1G1ZC5ST9KF114882,20.0,4-0013,71540,2019.0,Chevrolet,Malibu,LS,SILVER,149261.0,Yes,4.1,2026-04-29,4.0,5400.0
18,4-0016,71603,2004,Ford,Crown Victoria,LX,WHITE,237861,True,,2026-04-29,4,16,2FAFP74W14X129214,18.0,4-0016,71603,2004.0,Ford,Crown Victoria,LX,WHITE,237861.0,Yes,,2026-04-29,4.0,1400.0
9,4-0017,71647,2020,Honda,Fit,LX,GRAY,52890,True,4.8,2026-04-29,4,17,3HGGK5H4XLM732667,,,,,,,,,,,,,,
33,4-0018,71599,2018,Kia,Sportage,EX,BLACK,137471,True,3.5,2026-04-29,4,18,KNDPN3AC8J7343769,33.0,4-0018,71599,2018.0,Kia,Sportage,EX,BLACK,137471.0,Yes,3.5,2026-04-29,4.0,6300.0
27,4-0019,71593,2017,Toyota,Highlander,Limited Platinum,BLACK,151689,True,4.0,2026-04-29,4,19,5TDDZRFH3HS432356,,,,,,,,,,,,,,
31,4-0020,71596,2019,Jeep,Cherokee,Altitude,GRAY,109850,True,3.6,2026-04-29,4,20,1C4PJLLB0KD411369,31.0,4-0020,71596,2019.0,Jeep,Cherokee,Altitude,GRAY,109850.0,Yes,3.6,2026-04-29,4.0,8500.0
23,4-0021,71594,2019,GMC,Terrain,SLT,BLACK,135528,True,4.1,2026-04-29,4,21,3GKALPEX7KL274171,23.0,4-0021,71594,2019.0,GMC,Terrain,SLT,BLACK,135528.0,Yes,4.1,2026-04-29,4.0,9200.0
23,4-0022,71595,2021,Chevrolet,Express Cargo,"Van 2500 135""",WHITE,128861,True,3.2,2026-04-29,4,22,1GCWGAF7XM1176795,23.0,4-0022,71595,2021.0,Chevrolet,Express Cargo,"Van 2500 135""",WHITE,128861.0,Yes,3.2,2026-04-29,4.0,11800.0
16,4-0023,71597,2020,Ford,T150 Vans,"T-150 148"" Low Rf 8670 GVWR",WHITE,102509,True,3.9,2026-04-29,4,23,1FTYE1Y86LKA70034,,,,,,,,,,,,,,
27,4-0024,71600,2017,Jeep,Cherokee,Sport,RED,103351,True,3.9,2026-04-29,4,24,1C4PJLAS2HW617471,27.0,4-0024,71600,2017.0,Jeep,Cherokee,Sport,RED,103351.0,Yes,3.9,2026-04-29,4.0,7700.0
23,4-0025,71601,2019,Chevrolet,Equinox,LS,GRAY,104542,True,3.4,2026-04-29,4,25,3GNAXHEV9KS564557,,,,,,,,,,,,,,
25,4-0026,71614,2015,Toyota,4Runner,Limited,GRAY,182571,True,4.5,2026-04-29,4,26,JTEBU5JR7F5265240,,,,,,,,,,,,,,
23,4-0027,71613,2017,Cadillac,CTS,Sedan Luxury,BLACK,121433,True,3.7,2026-04-29,4,27,1G6AR5SX0H0116492,,,,,,,,,,,,,,
21,4-0028,71616,2019,Jeep,Compass,Sport,BLACK,91025,True,4.1,2026-04-29,4,28,3C4NJCAB4KT613653,21.0,4-0028,71616,2019.0,Jeep,Compass,Sport,BLACK,91025.0,Yes,4.1,2026-04-29,4.0,10400.0
19,4-0029,71617,2015,Ford,F150,King Ranch,BROWN,127048,True,4.3,2026-04-29,4,29,1FTEW1EG5FKD46347,19.0,4-0029,71617,2015.0,Ford,F150,King Ranch,BROWN,127048.0,Yes,4.3,2026-04-29,4.0,18300.0
21,4-0030,71615,2016,Nissan,Rogue,SL,WHITE,79398,True,4.6,2026-04-29,4,30,5N1AT2MTXGC754717,21.0,4-0030,71615,2016.0,Nissan,Rogue,SL,WHITE,79398.0,Yes,4.7,2026-04-29,4.0,11200.0
27,4-0066,69579,2025,Hyundai,Elantra,SEL Sport,BLUE,16607,True,4.0,2026-04-29,4,66,KMHLM4DG9SU925027,27.0,4-0066,69579,2025.0,Hyundai,Elantra,SEL Sport,BLUE,16607.0,Yes,4.0,2026-04-29,4.0,17800.0
31,4-0067,70278,2022,Nissan,Altima,2.5 SR,BLACK,71204,True,3.2,2026-04-29,4,67,1N4BL4CV5NN387420,31.0,4-0067,70278,2022.0,Nissan,Altima,2.5 SR,BLACK,71204.0,Yes,3.2,2026-04-29,4.0,14000.0
32,4-0068,69848,2015,Dodge,Challenger,R/T,GRAY,134573,True,1.3,2026-04-29,4,68,2C3CDZAT5FH715332,32.0,4-0068,69848,2015.0,Dodge,Challenger,R/T,GRAY,134573.0,Yes,1.3,2026-04-29,4.0,6700.0
41,4-0069,68821,2018,Ford,F150,XLT,BLACK,190948,True,2.5,2026-04-29,4,69,1FTEW1CP6JKD49723,41.0,4-0069,68821,2018.0,Ford,F150,XLT,BLACK,190948.0,Yes,2.5,2026-04-29,4.0,5300.0
35,4-0070,69963,2019,GMC,Acadia,SLT,WHITE,141801,True,3.3,2026-04-29,4,70,1GKKNMLS3KZ136043,35.0,4-0070,69963,2019.0,GMC,Acadia,SLT,WHITE,141801.0,Yes,3.3,2026-04-29,4.0,5000.0
36,4-0071,70351,2017,Nissan,Sentra,S,GRAY,132682,True,1.3,2026-04-29,4,71,3N1AB7AP8HY403831,36.0,4-0071,70351,2017.0,Nissan,Sentra,S,GRAY,132682.0,Yes,1.3,2026-04-29,4.0,500.0
31,4-0072,70349,2019,Jeep,Wrangler,Unlimited Sport,RED,139230,True,3.1,2026-04-29,4,72,1C4HJXDG5KW641807,31.0,4-0072,70349,2019.0,Jeep,Wrangler,Unlimited Sport,RED,139230.0,Yes,3.1,2026-04-29,4.0,10000.0
31,4-0073,70404,2021,Kia,K5,LXS,BLACK,181667,True,2.7,2026-04-29,4,73,5XXG14J21MG017106,31.0,4-0073,70404,2021.0,Kia,K5,LXS,BLACK,181667.0,Yes,2.7,2026-04-29,4.0,5300.0
42,4-0075,70401,2015,Ram,1500,Big Horn,WHITE,140239,True,1.3,2026-04-29,4,75,1C6RR6GT3FS658299,,,,,,,,,,,,,,
29,4-0076,68888,2020,Ford,Fusion,SE,WHITE,79918,True,1.9,2026-04-29,4,76,3FA6P0HD6LR184819,29.0,4-0076,68888,2020.0,Ford,Fusion,SE,WHITE,79918.0,Yes,1.9,2026-04-29,4.0,7050.0
23,4-0077,66978,2020,Buick,Enclave,Essence,WHITE,141254,True,3.0,2026-04-29,4,77,5GAEVAKW6LJ220659,23.0,4-0077,66978,2020.0,Buick,Enclave,Essence,WHITE,141254.0,Yes,3.0,2026-04-29,4.0,6500.0
17,4-0078,68696,2021,Chrysler,Pacifica,Touring,SILVER,139750,True,1.7,2026-04-29,4,78,2C4RC1FG4MR559152,17.0,4-0078,68696,2021.0,Chrysler,Pacifica,Touring,SILVER,139750.0,Yes,1.7,2026-04-29,4.0,7000.0
36,4-0079,69318,2016,Honda,CR-V,SE,WHITE,196542,True,2.8,2026-04-29,4,79,5J6RM3H44GL002566,36.0,4-0079,69318,2016.0,Honda,CR-V,SE,WHITE,196542.0,Yes,2.8,2026-04-29,4.0,4400.0
17,4-0086,69216,2015,Nissan,Pathfinder,SV,BLACK,155478,True,3.3,2026-04-29,4,86,5N1AR2MN6FC666388,,,,,,,,,,,,,,
25,4-0087,70248,2016,Honda,Accord,Sedan LX,WHITE,231735,True,2.5,2026-04-29,4,87,1HGCR2F40GA008601,,,,,,,,,,,,,,
28,4-0088,70274,2018,Dodge,Journey,SE,GRAY,161485,True,2.2,2026-04-29,4,88,3C4PDCAB1JT384718,28.0,4-0088,70274,2018.0,Dodge,Journey,SE,GRAY,161485.0,Yes,2.2,2026-04-29,4.0,1750.0
44,4-0089,70563,2015,Jeep,Compass,High Altitude Edition,BLACK,141263,True,1.9,2026-04-29,4,89,1C4NJDEB0FD120709,,,,,,,,,,,,,,
23,4-0090,70566,2017,Ram,1500,Express,BLACK,150135,True,,2026-04-29,4,90,1C6RR6FT1HS590430,23.0,4-0090,70566,2017.0,Ram,1500,Express,BLACK,150135.0,Yes,,2026-04-29,4.0,3900.0
24,4-0091,71014,2014,Hyundai,Elantra,Sport,SILVER,155101,True,3.7,2026-04-29,4,91,KMHDH4AH0EU071653,24.0,4-0091,71014,2014.0,Hyundai,Elantra,Sport,SILVER,155101.0,Yes,3.7,2026-04-29,4.0,2400.0
18,4-0092,71247,2017,Nissan,Sentra,SV,SILVER,160035,True,2.6,2026-04-29,4,92,3N1AB7AP0HY300628,,,,,,,,,,,,,,
29,4-0093,70932,2013,GMC,Acadia,SLT,SILVER,195699,True,2.9,2026-04-29,4,93,1GKKRRKD7DJ186823,29.0,4-0093,70932,2013.0,GMC,Acadia,SLT,SILVER,195699.0,Yes,2.9,2026-04-29,4.0,1000.0
48,4-0094,70943,2017,Ford,Escape,SE,BLACK,171004,True,1.8,2026-04-29,4,94,1FMCU0G92HUF07228,48.0,4-0094,70943,2017.0,Ford,Escape,SE,BLACK,171004.0,Yes,1.8,2026-04-29,4.0,2500.0
19,4-0095,71559,2017,Ford,Fusion,SE,BLACK,103304,True,3.6,2026-04-29,4,95,3FA6P0HD9HR272657,19.0,4-0095,71559,2017.0,Ford,Fusion,SE,BLACK,103304.0,Yes,3.6,2026-04-29,4.0,2850.0
17,5-0001,53675,2019,Hyundai,Elantra,SEL,BLUE,79226,True,,2026-04-29,5,1,5NPD84LF5KH404497,,,,,,,,,,,,,,
15,5-0002,71212,2017,Kia,Optima,LX,GRAY,114253,True,3.6,2026-04-29,5,2,5XXGT4L39HG125365,,,,,,,,,,,,,,
7,5-0003,70074,2022,Ram,2500,Tradesman,WHITE,47381,True,,2026-04-29,5,3,3C6UR5HJ6NG390212,,,,,,,,,,,,,,
22,5-0020,68971,2017,Chevrolet,Camaro,1LT,BLUE,64842,True,4.8,2026-04-29,5,20,1G1FA3DS0H0100107,22.0,5-0020,68971,2017.0,Chevrolet,Camaro,1LT,BLUE,64842.0,Yes,4.8,2026-04-29,5.0,15500.0
39,5-0021,70318,2019,Ford,Fusion,SE,WHITE,98516,True,1.6,2026-04-29,5,21,3FA6P0HD7KR217549,,,,,,,,,,,,,,
28,5-0022,70068,2022,Ram,2500,Tradesman,WHITE,92130,True,2.8,2026-04-29,5,22,3C7WR5HJXNG299142,28.0,5-0022,70068,2022.0,Ram,2500,Tradesman,WHITE,92130.0,Yes,2.8,2026-04-29,5.0,21800.0
45,5-0023,70310,2017,Chevrolet,Impala,LT,BROWN,189906,True,2.5,2026-04-29,5,23,2G1105S3XH9159692,,,,,,,,,,,,,,
27,5-0027,68825,2019,Nissan,Altima,2.5 SR,GRAY,77770,True,3.9,2026-04-29,5,27,1N4BL4CV5KC236097,,,,,,,,,,,,,,
30,5-0028,71410,2006,Hyundai,Sonata,GLS,BLACK,192084,True,1.8,2026-04-29,5,28,5NPEU46C46H066467,30.0,5-0028,71410,2006.0,Hyundai,Sonata,GLS,BLACK,192084.0,Yes,1.8,2026-04-29,5.0,900.0
27,5-0029,67602,2017,Volkswagen,Passat,1.8T SEL Premium,WHITE,56632,True,4.1,2026-04-29,5,29,1VWCT7A3XHC069064,27.0,5-0029,67602,2017.0,Volkswagen,Passat,1.8T SEL Premium,WHITE,56632.0,Yes,4.1,2026-04-29,5.0,10300.0
27,5-0030,71486,2016,Nissan,Rogue,SV,GRAY,84745,True,3.4,2026-04-29,5,30,KNMAT2MV1GP650387,27.0,5-0030,71486,2016.0,Nissan,Rogue,SV,GRAY,84745.0,Yes,3.4,2026-04-29,5.0,5000.0
18,5-0031,68517,2022,Mercedes-Benz,GLE,450 4MATIC,BLACK,52629,True,3.5,2026-04-29,5,31,4JGFB5KBXNA624367,18.0,5-0031,68517,2022.0,Mercedes-Benz,GLE,450 4MATIC,BLACK,52629.0,Yes,3.5,2026-04-29,5.0,37250.0
35,5-0032,71492,2023,Ram,1500,Tradesman,WHITE,87683,True,1.8,2026-04-29,5,32,1C6SRFNT8PN594779,,,,,,,,,,,,,,
31,5-0033,69296,2020,Ford,F150,XLT,BLACK,77565,True,4.5,2026-04-29,5,33,1FTEW1EPXLFA12402,,,,,,,,,,,,,,
25,5-0034,68029,2016,Hyundai,Santa Fe Sport,4dr 2.0T,BLACK,138125,True,3.6,2026-04-29,5,34,5XYZW4LA2GG348355,,,,,,,,,,,,,,
7,5-0035,70485,2018,Chevrolet,Equinox,Premier,GRAY,92017,True,,2026-04-29,5,35,2GNAXNEX0J6144473,,,,,,,,,,,,,,
3,5-0036,70286,2020,Ford,Fusion,SE,WHITE,112106,True,,2026-04-29,5,36,3FA6P0HD6LR147771,,,,,,,,,,,,,,
24,5-0037,70490,2021,BMW,3-Series,330i,BLACK,86660,True,3.7,2026-04-29,5,37,3MW5R1J00M8B69363,24.0,5-0037,70490,2021.0,BMW,3-Series,330i,BLACK,86660.0,Yes,3.7,2026-04-29,5.0,15250.0
17,5-0038,71484,2020,Jeep,Grand Cherokee,Laredo,WHITE,68793,True,4.4,2026-04-29,5,38,1C4RJFAG0LC147022,17.0,5-0038,71484,2020.0,Jeep,Grand Cherokee,Laredo,WHITE,68793.0,Yes,4.4,2026-04-29,5.0,10000.0
2,5-0039,67847,2016,Dodge,Journey,Crossroad Plus,BLACK,1,True,,2026-04-29,5,39,3C4PDCGBXGT131588,2.0,5-0039,67847,2016.0,Dodge,Journey,Crossroad Plus,BLACK,1.0,Yes,,2026-04-29,5.0,2000.0
29,5-0040,71485,2019,Hyundai,Santa Fe XL,SE,WHITE,98051,True,2.9,2026-04-29,5,40,KM8SMDHF9KU299010,29.0,5-0040,71485,2019.0,Hyundai,Santa Fe XL,SE,WHITE,98051.0,Yes,2.9,2026-04-29,5.0,4400.0
35,5-0041,71062,2019,Chevrolet,Tahoe,LS,BLACK,120858,True,3.6,2026-04-29,5,41,1GNSCAKC0KR299539,35.0,5-0041,71062,2019.0,Chevrolet,Tahoe,LS,BLACK,120858.0,Yes,3.6,2026-04-29,5.0,14600.0
27,5-0042,70358,2019,Volkswagen,Jetta,SEL,GRAY,123153,True,2.6,2026-04-29,5,42,3VWEB7BU9KM247832,27.0,5-0042,70358,2019.0,Volkswagen,Jetta,SEL,GRAY,123153.0,Yes,2.6,2026-04-29,5.0,5000.0
7,5-0050,71666,2015,Chevrolet,Impala,LS,BLUE,187325,True,,2026-04-29,5,50,1G11Z5SL0FU130191,,,,,,,,,,,,,,
18,5-0051,71624,2007,Mercedes-Benz,E Class,3.5L,BLACK,179588,True,,2026-04-29,5,51,WDBUF87X27X220967,,,,,,,,,,,,,,
29,5-0052,71629,2013,Subaru,Impreza,Wagon 2.0i Sport Limited,BLUE,119265,True,3.5,2026-04-29,5,52,JF1GPAR68D2898693,,,,,,,,,,,,,,
18,5-0053,71641,2006,BMW,X5,3.0i,BLACK,166690,True,,2026-04-29,5,53,5UXFA13526LY33065,,,,,,,,,,,,,,
34,5-0060,71217,2012,Jeep,Grand Cherokee,Overland,WHITE,224010,True,3.7,2026-04-29,5,60,1C4RJFCG3CC221384,,,,,,,,,,,,,,
31,5-0069,69239,2007,Lexus,RX 350,4dr,BLACK,170117,True,2.2,2026-04-29,5,69,2T2GK31U57C012250,,,,,,,,,,,,,,
35,5-0070,69242,2013,Ford,F150,Lariat,WHITE,125530,True,2.7,2026-04-29,5,70,1FTFW1ET8DFD95999,,,,,,,,,,,,,,
14,5-0072,71523,2011,Ram,1500,Laramie,WHITE,199655,True,,2026-04-29,5,72,1D7RV1CT8BS666444,14.0,5-0072,71523,2011.0,Ram,1500,Laramie,WHITE,199655.0,Yes,,2026-04-29,5.0,2100.0
18,5-0075,70428,1999,Ecstasy,Trike,,YELLOW,7349,True,3.0,2026-04-29,5,75,1E9C35718XA157389,,,,,,,,,,,,,,
34,5-0086,70380,2017,Mitsubishi,Outlander Sport,ES 2.0,GRAY,160950,True,3.7,2026-04-29,5,86,JA4AP3AU1HZ004501,,,,,,,,,,,,,,
17,5-0087,59508,2013,Nissan,Pathfinder,SV,SILVER,85846,True,,2026-04-29,5,87,5N1AR2MM5DC661686,,,,,,,,,,,,,,
28,5-0088,68040,2016,Chevrolet,Sonic,LT,GRAY,130490,True,3.1,2026-04-29,5,88,1G1JC6SH2G4152813,28.0,5-0088,68040,2016.0,Chevrolet,Sonic,LT,GRAY,130490.0,Yes,3.1,2026-04-29,5.0,1000.0
18,5-0091,71199,2016,Jeep,Compass,Sport,RED,140847,True,,2026-04-29,5,91,1C4NJCBA0GD665946,18.0,5-0091,71199,2016.0,Jeep,Compass,Sport,RED,140847.0,Yes,,2026-04-29,5.0,800.0
33,5-0092,71210,2010,Cadillac,SRX,Base,GRAY,130411,True,2.7,2026-04-29,5,92,3GYFNGEY6AS622271,,,,,,,,,,,,,,
16,9-0501,69230,2020,Chrysler,Pacifica,Touring L,SILVER,97360,True,0.0,2026-04-29,9,501,2C4RC1BG8LR130391,16.0,9-0501,69230,2020.0,Chrysler,Pacifica,Touring L,SILVER,97360.0,Yes,0.0,2026-04-29,9.0,7400.0
39,9-0502,69561,2015,Kia,Soul,+,GRAY,120265,True,0.0,2026-04-29,9,502,KNDJP3A55F7201209,,,,,,,,,,,,,,
23,9-0503,68714,2017,Kia,Soul,!,SILVER,122905,True,0.0,2026-04-29,9,503,KNDJX3AA7H7472028,23.0,9-0503,68714,2017.0,Kia,Soul,!,SILVER,122905.0,Yes,0.0,2026-04-29,9.0,1100.0
25,9-0504,69281,2014,Audi,A6,3.0T Premium Plus,SILVER,124621,True,0.0,2026-04-29,9,504,WAUFGAFC3EN005682,25.0,9-0504,69281,2014.0,Audi,A6,3.0T Premium Plus,SILVER,124621.0,Yes,0.0,2026-04-29,9.0,2400.0
29,9-0505,69284,2016,Ford,Fusion,SE,WHITE,135059,True,0.0,2026-04-29,9,505,3FA6P0HDXGR317300,,,,,,,,,,,,,,
34,9-0506,68498,2012,Ford,Fusion,SE,BLUE,139872,True,0.0,2026-04-29,9,506,3FAHP0HA3CR388394,34.0,9-0506,68498,2012.0,Ford,Fusion,SE,BLUE,139872.0,Yes,0.0,2026-04-29,9.0,1350.0
34,9-0507,69260,2020,Chrysler,Voyager,LX,BLUE,109861,True,0.0,2026-04-29,9,507,2C4RC1CGXLR128740,34.0,9-0507,69260,2020.0,Chrysler,Voyager,LX,BLUE,109861.0,Yes,0.0,2026-04-29,9.0,4000.0
46,9-0508,69231,2015,Ford,Fiesta,SE,BLUE,145858,True,0.0,2026-04-29,9,508,3FADP4BJ1FM100632,46.0,9-0508,69231,2015.0,Ford,Fiesta,SE,BLUE,145858.0,Yes,0.0,2026-04-29,9.0,800.0
40,9-0509,68446,2017,Dodge,Journey,SXT,SILVER,151316,True,0.0,2026-04-29,9,509,3C4PDCBG2HT515773,40.0,9-0509,68446,2017.0,Dodge,Journey,SXT,SILVER,151316.0,Yes,0.0,2026-04-29,9.0,650.0
29,9-0510,58293,2014,Dodge,Journey,SE,WHITE,153314,True,0.0,2026-04-29,9,510,3C4PDCAB9ET246219,,,,,,,,,,,,,,
26,9-0511,68208,2017,Ford,Focus,Titanium,GRAY,158345,True,0.0,2026-04-29,9,511,1FADP3J21HL279165,26.0,9-0511,68208,2017.0,Ford,Focus,Titanium,GRAY,158345.0,Yes,0.0,2026-04-29,9.0,1850.0
28,9-0512,69397,2014,Buick,Verano,Convenience Group,BLACK,162394,True,0.0,2026-04-29,9,512,1G4PR5SK7E4168553,28.0,9-0512,69397,2014.0,Buick,Verano,Convenience Group,BLACK,162394.0,Yes,0.0,2026-04-29,9.0,550.0
34,9-0513,67747,2014,Chevrolet,Cruze,2LT,RED,163172,True,0.0,2026-04-29,9,513,1G1PE5SBXE7249957,34.0,9-0513,67747,2014.0,Chevrolet,Cruze,2LT,RED,163172.0,Yes,0.0,2026-04-29,9.0,500.0
26,9-0514,69469,2018,Chevrolet,Malibu,LT,SILVER,165106,True,0.0,2026-04-29,9,514,1G1ZD5ST1JF157236,26.0,9-0514,69469,2018.0,Chevrolet,Malibu,LT,SILVER,165106.0,Yes,0.0,2026-04-29,9.0,2400.0
40,9-0515,69705,2015,Chevrolet,Equinox,LT,BLUE,169578,True,0.0,2026-04-29,9,515,2GNALCEK0F6178540,,,,,,,,,,,,,,
42,9-0516,69299,2020,Chevrolet,Equinox,LT,BLACK,169666,True,0.0,2026-04-29,9,516,2GNAXTEV6L6175314,42.0,9-0516,69299,2020.0,Chevrolet,Equinox,LT,BLACK,169666.0,Yes,0.0,2026-04-29,9.0,2700.0
32,9-0517,68682,2013,Ford,F350SD,XL,RED,175699,True,0.0,2026-04-29,9,517,1FT8X3B68DEA28977,32.0,9-0517,68682,2013.0,Ford,F350SD,XL,RED,175699.0,Yes,0.0,2026-04-29,9.0,2000.0
27,9-0518,68190,2020,Jeep,Compass,Latitude,WHITE,176088,True,0.0,2026-04-29,9,518,3C4NJDBB6LT244008,,,,,,,,,,,,,,
37,9-0519,69557,2013,GMC,Terrain,SLE,BLACK,178284,True,0.0,2026-04-29,9,519,2GKALMEK3D6330200,37.0,9-0519,69557,2013.0,GMC,Terrain,SLE,BLACK,178284.0,Yes,0.0,2026-04-29,9.0,1000.0
28,9-0520,69320,2008,Ford,F250SD,XL,BLUE,185572,True,0.0,2026-04-29,9,520,1FTSW21R18EC34887,28.0,9-0520,69320,2008.0,Ford,F250SD,XL,BLUE,185572.0,Yes,0.0,2026-04-29,9.0,2600.0
52,9-0521,68747,2016,Dodge,Dart,SE,WHITE,186690,True,0.0,2026-04-29,9,521,1C3CDFAA4GD624600,52.0,9-0521,68747,2016.0,Dodge,Dart,SE,WHITE,186690.0,Yes,0.0,2026-04-29,9.0,450.0
30,9-0522,69340,2015,Chevrolet,Equinox,LS,BLACK,188935,True,0.0,2026-04-29,9,522,2GNALAEK1F6405528,30.0,9-0522,69340,2015.0,Chevrolet,Equinox,LS,BLACK,188935.0,Yes,0.0,2026-04-29,9.0,500.0
22,9-0523,69321,2015,Buick,Verano,Convenience Group,WHITE,189053,True,0.0,2026-04-29,9,523,1G4PR5SK2F4189392,22.0,9-0523,69321,2015.0,Buick,Verano,Convenience Group,WHITE,189053.0,Yes,0.0,2026-04-29,9.0,550.0
41,9-0524,67939,2015,Ford,Expedition,XLT,RED,198810,True,0.0,2026-04-29,9,524,1FMJU1HT8FEF03280,41.0,9-0524,67939,2015.0,Ford,Expedition,XLT,RED,198810.0,Yes,0.0,2026-04-29,9.0,900.0
22,9-0525,68987,2014,Jeep,Grand Cherokee,Overland,WHITE,200235,True,0.0,2026-04-29,9,525,1C4RJECG9EC574547,22.0,9-0525,68987,2014.0,Jeep,Grand Cherokee,Overland,WHITE,200235.0,Yes,0.0,2026-04-29,9.0,1700.0
33,9-0526,69251,2012,Mazda,Mazda6,i Sport,GRAY,246371,True,0.0,2026-04-29,9,526,1YVHZ8BH3C5M42346,33.0,9-0526,69251,2012.0,Mazda,Mazda6,i Sport,GRAY,246371.0,Yes,0.0,2026-04-29,9.0,600.0
34,9-0527,68715,2012,GMC,Acadia,Denali,BLACK,207024,True,0.0,2026-04-29,9,527,1GKKRTED0CJ234282,34.0,9-0527,68715,2012.0,GMC,Acadia,Denali,BLACK,207024.0,Yes,0.0,2026-04-29,9.0,1500.0
36,9-0528,69285,2020,Nissan,Kicks,S,BLACK,91983,True,0.0,2026-04-29,9,528,3N1CP5BV4LL508819,,,,,,,,,,,,,,
17,9-0533,69830,2017,Land Rover,Range Rover,HSE,GRAY,92817,True,1.7,2026-04-29,9,533,SALGS2FV5HA372357,17.0,9-0533,69830,2017.0,Land Rover,Range Rover,HSE,GRAY,92817.0,Yes,1.7,2026-04-29,9.0,4800.0
24,9-0534,68277,2020,Hyundai,Elantra,SEL,SILVER,96571,True,1.0,2026-04-29,9,534,5NPD84LF1LH583400,24.0,9-0534,68277,2020.0,Hyundai,Elantra,SEL,SILVER,96571.0,Yes,1.0,2026-04-29,9.0,3400.0
19,9-0535,70361,2017,Kia,Sorento,LX,BLUE,98865,True,2.1,2026-04-29,9,535,5XYPG4A34HG201111,19.0,9-0535,70361,2017.0,Kia,Sorento,LX,BLUE,98865.0,Yes,2.1,2026-04-29,9.0,3800.0
39,9-0536,68767,2019,Kia,Soul,+,GRAY,99999,True,1.5,2026-04-29,9,536,KNDJP3A54K7021312,,,,,,,,,,,,,,
25,9-0537,68768,2013,Chevrolet,Equinox,LS,WHITE,109650,True,1.9,2026-04-29,9,537,2GNFLCEKXD6379056,25.0,9-0537,68768,2013.0,Chevrolet,Equinox,LS,WHITE,109650.0,Yes,1.4,2026-04-29,9.0,750.0
21,9-0538,69551,2016,Chevrolet,Trax,LS,BLACK,118057,True,1.2,2026-04-29,9,538,KL7CJNSB0GB558335,21.0,9-0538,69551,2016.0,Chevrolet,Trax,LS,BLACK,118057.0,Yes,1.2,2026-04-29,9.0,750.0
40,9-0539,69276,2013,GMC,Terrain,SLE,BLACK,120917,True,1.3,2026-04-29,9,539,2GKALMEK8D6428557,40.0,9-0539,69276,2013.0,GMC,Terrain,SLE,BLACK,120917.0,Yes,1.0,2026-04-29,9.0,1200.0
25,9-0540,66438,2016,Kia,Soul,Base,GRAY,122223,True,1.4,2026-04-29,9,540,KNDJN2A25G7289122,25.0,9-0540,66438,2016.0,Kia,Soul,Base,GRAY,122223.0,Yes,1.4,2026-04-29,9.0,1000.0
20,9-0541,68860,2017,Nissan,Rogue,SL,GRAY,133513,True,1.7,2026-04-29,9,541,5N1AT2MT1HC834831,20.0,9-0541,68860,2017.0,Nissan,Rogue,SL,GRAY,133513.0,Yes,1.7,2026-04-29,9.0,1000.0
17,9-0542,68737,2020,Kia,Optima,LX,GRAY,137608,True,1.5,2026-04-29,9,542,5XXGT4L30LG400453,17.0,9-0542,68737,2020.0,Kia,Optima,LX,GRAY,137608.0,Yes,1.5,2026-04-29,9.0,3600.0
33,9-0543,67173,2013,Honda,Civic,Sdn LX,BLUE,146058,True,1.1,2026-04-29,9,543,19XFB2F58DE055585,33.0,9-0543,67173,2013.0,Honda,Civic,Sdn LX,BLUE,146058.0,Yes,1.1,2026-04-29,9.0,1100.0
27,9-0544,69298,2015,Hyundai,Sonata,2.4L Sport,SILVER,168259,True,1.0,2026-04-29,9,544,5NPE34AF9FH104862,27.0,9-0544,69298,2015.0,Hyundai,Sonata,2.4L Sport,SILVER,168259.0,Yes,1.0,2026-04-29,9.0,550.0
30,9-0545,70153,2019,Jeep,Cherokee,Latitude,BLACK,179328,True,1.4,2026-04-29,9,545,1C4PJLCB7KD149754,30.0,9-0545,70153,2019.0,Jeep,Cherokee,Latitude,BLACK,179328.0,Yes,1.4,2026-04-29,9.0,1700.0
25,9-0546,68359,2018,Chevrolet,Equinox,LS,WHITE,202290,True,1.0,2026-04-29,9,546,3GNAXHEV2JL101958,25.0,9-0546,68359,2018.0,Chevrolet,Equinox,LS,WHITE,202290.0,Yes,1.0,2026-04-29,9.0,1300.0
35,9-0547,69294,2019,Hyundai,Elantra,SE,RED,223853,True,1.0,2026-04-29,9,547,5NPD74LF8KH473798,35.0,9-0547,69294,2019.0,Hyundai,Elantra,SE,RED,223853.0,Yes,1.0,2026-04-29,9.0,800.0
31,9-0548,70386,2019,Ford,Escape,S,SILVER,245645,True,1.6,2026-04-29,9,548,1FMCU0F74KUA38098,31.0,9-0548,70386,2019.0,Ford,Escape,S,SILVER,245645.0,Yes,1.6,2026-04-29,9.0,1000.0
26,9-0549,70336,2013,Dodge,Dart,GT,ORANGE,93325,True,1.1,2026-04-29,9,549,1C3CDFCBXDD329132,26.0,9-0549,70336,2013.0,Dodge,Dart,GT,ORANGE,93325.0,Yes,1.1,2026-04-29,9.0,1000.0
26,9-0550,70078,2013,Nissan,Rogue,SL,WHITE,183050,True,1.7,2026-04-29,9,550,JN8AS5MV1DW620221,26.0,9-0550,70078,2013.0,Nissan,Rogue,SL,WHITE,183050.0,Yes,1.2,2026-04-29,9.0,500.0
28,9-0551,66875,2019,Volkswagen,Jetta,SEL Premium,WHITE,118479,True,1.8,2026-04-29,9,551,3VWG57BU4KM002890,28.0,9-0551,66875,2019.0,Volkswagen,Jetta,SEL Premium,WHITE,118479.0,Yes,1.8,2026-04-29,9.0,4300.0
38,9-0552,70457,2018,Ford,Escape,SEL,RED,121944,True,1.3,2026-04-29,9,552,1FMCU9HD2JUB86935,,,,,,,,,,,,,,
45,9-0553,70463,2017,Ford,Fusion,SE,GRAY,142498,True,1.0,2026-04-29,9,553,3FA6P0HD2HR138539,45.0,9-0553,70463,2017.0,Ford,Fusion,SE,GRAY,142498.0,Yes,1.0,2026-04-29,9.0,800.0
20,9-0554,69704,2016,Kia,Soul,+,WHITE,145762,True,2.0,2026-04-29,9,554,KNDJP3A58G7409747,20.0,9-0554,69704,2016.0,Kia,Soul,+,WHITE,145762.0,Yes,2.0,2026-04-29,9.0,1500.0
26,9-0555,66872,2016,Chrysler,200,S,GRAY,147426,True,1.3,2026-04-29,9,555,1C3CCCBB6GN115904,26.0,9-0555,66872,2016.0,Chrysler,200,S,GRAY,147426.0,Yes,1.3,2026-04-29,9.0,700.0
22,9-0556,70348,2015,Audi,Q5,Premium Plus,WHITE,195667,True,0.0,2026-04-29,9,556,WA1LFAFP2FA097480,22.0,9-0556,70348,2015.0,Audi,Q5,Premium Plus,WHITE,195667.0,Yes,0.0,2026-04-29,9.0,1100.0
29,9-0557,70402,2017,Chevrolet,Tahoe,LS,BLUE,138872,True,0.0,2026-04-29,9,557,1GNSCAKC3HR210507,29.0,9-0557,70402,2017.0,Chevrolet,Tahoe,LS,BLUE,138872.0,Yes,0.0,2026-04-29,9.0,6800.0
38,9-0558,70055,2020,GMC,Acadia,SLE,GRAY,143168,True,1.4,2026-04-29,9,558,1GKKNKLA1LZ215675,38.0,9-0558,70055,2020.0,GMC,Acadia,SLE,GRAY,143168.0,Yes,1.4,2026-04-29,9.0,5000.0
29,9-0559,70352,2018,Nissan,Pathfinder,SV,SILVER,132980,True,0.0,2026-04-29,9,559,5N1DR2MN5JC603515,29.0,9-0559,70352,2018.0,Nissan,Pathfinder,SV,SILVER,132980.0,Yes,0.0,2026-04-29,9.0,1300.0
32,9-0560,68886,2020,Hyundai,Elantra,SE,RED,155787,True,0.0,2026-04-29,9,560,KMHD74LF8LU105706,32.0,9-0560,68886,2020.0,Hyundai,Elantra,SE,RED,155787.0,Yes,0.0,2026-04-29,9.0,2700.0
5,9-0561,71633,2009,Chevrolet,Impala,3.9L LT,RED,204664,True,,2026-04-29,9,561,2G1WC57MX91285212,5.0,9-0561,71633,2009.0,Chevrolet,Impala,3.9L LT,RED,204664.0,Yes,,2026-04-29,9.0,500.0
6,9-0562,71634,2009,Honda,Accord,Sdn EX-L,SILVER,170940,True,,2026-04-29,9,562,1HGCP36889A031531,6.0,9-0562,71634,2009.0,Honda,Accord,Sdn EX-L,SILVER,170940.0,Yes,,2026-04-29,9.0,1150.0
5,9-0571,71358,2013,Hyundai,Genesis Coupe,2.0T Premium,BLUE,1,True,,2026-04-29,9,571,KMHHT6KD7DU092571,,,,,,,,,,,,,,
6,9-0591,71631,2015,Chevrolet,Cruze,LT,SILVER,170945,True,,2026-04-29,9,591,1G1PE5SB4F7282695,6.0,9-0591,71631,2015.0,Chevrolet,Cruze,LT,SILVER,170945.0,Yes,,2026-04-29,9.0,850.0
6,9-0592,71651,2014,Hyundai,Sonata,GLS,SILVER,1,True,,2026-04-29,9,592,5NPEB4ACXEH919451,,,,,,,,,,,,,,
7,9-0594,71489,2023,Ford,Escape,Active,GRAY,95244,True,,2026-04-29,9,594,1FMCU0GN8PUA18604,7.0,9-0594,71489,2023.0,Ford,Escape,Active,GRAY,95244.0,Yes,,2026-04-29,9.0,6000.0
6,9-0600,70981,2011,Jeep,Grand Cherokee,Laredo,GRAY,1,True,,2026-04-29,9,600,1J4RR4GG6BC530413,6.0,9-0600,70981,2011.0,Jeep,Grand Cherokee,Laredo,GRAY,1.0,Yes,,2026-04-29,9.0,500.0
21,9-0601,71303,2019,Chevrolet,Trax,LT,WHITE,1,True,3.5,2026-04-29,9,601,KL7CJLSB3KB840479,21.0,9-0601,71303,2019.0,Chevrolet,Trax,LT,WHITE,1.0,Yes,3.5,2026-04-29,9.0,550.0
28,9-0603,71304,2016,Chevrolet,Malibu,LT,GRAY,168349,True,1.6,2026-04-29,9,603,1G1ZE5ST0GF179198,28.0,9-0603,71304,2016.0,Chevrolet,Malibu,LT,GRAY,168349.0,Yes,1.6,2026-04-29,9.0,1050.0
23,9-0604,71305,2015,Chevrolet,Equinox,LT,SILVER,147224,True,2.1,2026-04-29,9,604,1GNALBEK1FZ105207,23.0,9-0604,71305,2015.0,Chevrolet,Equinox,LT,SILVER,147224.0,Yes,2.1,2026-04-29,9.0,1050.0
6,9-0613,71457,2019,Ram,2500 ProMaster Vans,"2500 High Roof 159"" WB",WHITE,146326,True,,2026-04-29,9,613,3C6TRVDGXKE502412,6.0,9-0613,71457,2019.0,Ram,2500 ProMaster Vans,"2500 High Roof 159"" WB",WHITE,146326.0,Yes,,2026-04-29,9.0,1400.0
6,9-0614,71458,2017,Ram,2500 ProMaster Vans,"2500 High Roof 159"" WB",WHITE,214889,True,,2026-04-29,9,614,3C6TRVDG7HE522397,6.0,9-0614,71458,2017.0,Ram,2500 ProMaster Vans,"2500 High Roof 159"" WB",WHITE,214889.0,Yes,,2026-04-29,9.0,1400.0
6,9-0615,71460,2020,Ford,T350 Vans,"T-350 148"" EL Hi Rf 9500 GVWR",WHITE,99841,True,,2026-04-29,9,615,1FTBW3X83LKA51814,6.0,9-0615,71460,2020.0,Ford,T350 Vans,"T-350 148"" EL Hi Rf 9500 GVWR",WHITE,99841.0,Yes,,2026-04-29,9.0,12200.0
14,9-0616,71347,2014,Nissan,Altima,2.5 S,RED,218413,True,,2026-04-29,9,616,1N4AL3APXEN234638,14.0,9-0616,71347,2014.0,Nissan,Altima,2.5 S,RED,218413.0,Yes,,2026-04-29,9.0,1100.0
1,9-0617,65296,2017,GMC,Acadia,SLE,WHITE,153565,True,,2026-04-29,9,617,1GKKNLLA2HZ243174,,,,,,,,,,,,,,
7,9-0618,70253,2014,Chevrolet,Cruze,1LT,GREEN,136419,True,,2026-04-29,9,618,1G1PC5SB1E7145640,7.0,9-0618,70253,2014.0,Chevrolet,Cruze,1LT,GREEN,136419.0,Yes,,2026-04-29,9.0,650.0
5,9-0619,69315,2012,Lincoln,MKS,4dr Sdn 3.7L,GRAY,1,True,,2026-04-29,9,619,1LNHL9DR5CG807564,5.0,9-0619,69315,2012.0,Lincoln,MKS,4dr Sdn 3.7L,GRAY,1.0,Yes,,2026-04-29,9.0,450.0
7,9-0621,70975,2013,Ford,Taurus,Limited,RED,1,True,,2026-04-29,9,621,1FAHP2F82DG202722,7.0,9-0621,70975,2013.0,Ford,Taurus,Limited,RED,1.0,Yes,,2026-04-29,9.0,600.0
28,9-0622,70432,2013,Dodge,Dart,Limited,BLACK,93373,True,2.3,2026-04-29,9,622,1C3CDFCH3DD200251,28.0,9-0622,70432,2013.0,Dodge,Dart,Limited,BLACK,93373.0,Yes,2.3,2026-04-29,9.0,600.0
47,9-0623,70354,2016,GMC,Acadia,SLE,GRAY,172569,True,1.2,2026-04-29,9,623,1GKKRNED1GJ318306,47.0,9-0623,70354,2016.0,GMC,Acadia,SLE,GRAY,172569.0,Yes,1.2,2026-04-29,9.0,450.0
29,9-0624,70295,2010,Toyota,RAV4,Base V6,SILVER,1,True,2.6,2026-04-29,9,624,JTMBK4DV8A5086243,,,,,,,,,,,,,,
4,9-0625,69528,2014,Hyundai,Sonata,GLS,BROWN,106154,True,,2026-04-29,9,625,5NPEB4AC6EH886691,,,,,,,,,,,,,,
15,9-0626,62153,2015,Chrysler,200,Limited,BLACK,1,True,,2026-04-29,9,626,1C3CCCAB7FN557543,15.0,9-0626,62153,2015.0,Chrysler,200,Limited,BLACK,1.0,Yes,,2026-04-29,9.0,450.0
7,9-0628,71017,2014,Ford,Explorer,XLT,GRAY,1,True,,2026-04-29,9,628,1FM5K8D88EGA92306,7.0,9-0628,71017,2014.0,Ford,Explorer,XLT,GRAY,1.0,Yes,,2026-04-29,9.0,450.0
14,9-0629,71093,2020,Ford,Fusion,SE,WHITE,1,True,,2026-04-29,9,629,3FA6P0HDXLR254953,14.0,9-0629,71093,2020.0,Ford,Fusion,SE,WHITE,1.0,Yes,,2026-04-29,9.0,2000.0
5,9-0630,71095,2013,Honda,Pilot,EX-L,BURGUNDY,1,True,,2026-04-29,9,630,5FNYF3H58DB016778,5.0,9-0630,71095,2013.0,Honda,Pilot,EX-L,BURGUNDY,1.0,Yes,,2026-04-29,9.0,700.0
5,9-0631,71220,2013,BMW,1-Series,128i,BLACK,1,True,,2026-04-29,9,631,WBAUP9C56DVS95815,5.0,9-0631,71220,2013.0,BMW,1-Series,128i,BLACK,1.0,Yes,,2026-04-29,9.0,1000.0
22,9-0632,71137,2010,Ford,F150,XL,WHITE,233512,True,,2026-04-29,9,632,1FTFW1EV8AKB57588,,,,,,,,,,,,,,
48,9-0633,71184,2013,Dodge,Dart,Limited,GRAY,211898,True,,2026-04-29,9,633,1C3CDFCH9DD703217,48.0,9-0633,71184,2013.0,Dodge,Dart,Limited,GRAY,211898.0,Yes,,2026-04-29,9.0,650.0
