Picture Count,Run Number,Stock #,Year,Make,Model,Style,Color,Odometer,CR,Grade,Sale Date,Lane,Price,Price_Range
20,9-0554,69704,2016,Kia,Soul,+,WHITE,145762,Yes,2.0,2026-04-29,9,1500.0,$1001-1500
34,9-0527,68715,2012,GMC,Acadia,Denali,BLACK,207024,Yes,0.0,2026-04-29,9,1500.0,$1001-1500
31,3-0017,68495,2015,Chrysler,200,Limited,WHITE,94423,Yes,1.8,2026-04-29,3,1500.0,$1001-1500
17,1-0054,71577,2002,Chevrolet,Tahoe,Z71,BLACK,1,Yes,,2026-04-29,1,1500.0,$1001-1500
37,2-0021,71385,2012,Nissan,Rogue,SL,SILVER,120837,Yes,2.2,2026-04-29,2,1450.0,$1001-1500
6,9-0614,71458,2017,Ram,2500 ProMaster Vans,"2500 High Roof 159"" WB",WHITE,214889,Yes,,2026-04-29,9,1400.0,$1001-1500
6,9-0613,71457,2019,Ram,2500 ProMaster Vans,"2500 High Roof 159"" WB",WHITE,146326,Yes,,2026-04-29,9,1400.0,$1001-1500
18,4-0016,71603,2004,Ford,Crown Victoria,LX,WHITE,237861,Yes,,2026-04-29,4,1400.0,$1001-1500
34,9-0506,68498,2012,Ford,Fusion,SE,BLUE,139872,Yes,0.0,2026-04-29,9,1350.0,$1001-1500
29,9-0559,70352,2018,Nissan,Pathfinder,SV,SILVER,132980,Yes,0.0,2026-04-29,9,1300.0,$1001-1500
25,9-0546,68359,2018,Chevrolet,Equinox,LS,WHITE,202290,Yes,1.0,2026-04-29,9,1300.0,$1001-1500
39,2-0003,71323,2010,Ford,Crown Victoria,4dr Sdn w/3.27 Axle,WHITE,1,Yes,1.9,2026-04-29,2,1250.0,$1001-1500
1,5-0201,70878,2006,INFINITI,FX35,4dr,BLACK,195706,Yes,,2026-04-29,5,1225.0,$1001-1500
40,9-0539,69276,2013,GMC,Terrain,SLE,BLACK,120917,Yes,1.0,2026-04-29,9,1200.0,$1001-1500
6,1-0062,71677,2013,Ford,Explorer,Limited,BROWN,192801,Yes,,2026-04-29,1,1200.0,$1001-1500
42,3-0012,67541,2015,Chrysler,200,C,BLUE,180463,Yes,1.3,2026-04-29,3,1200.0,$1001-1500
7,5-0055,71687,2011,Chrysler,200,Touring,BLACK,123454,Yes,,2026-04-29,5,1200.0,$1001-1500
6,9-0562,71634,2009,Honda,Accord,Sdn EX-L,SILVER,170940,Yes,,2026-04-29,9,1150.0,$1001-1500
23,9-0503,68714,2017,Kia,Soul,!,SILVER,122905,Yes,0.0,2026-04-29,9,1100.0,$1001-1500
29,1-0034,71592,2017,Nissan,Sentra,S,BLACK,123957,Yes,2.8,2026-04-29,1,1100.0,$1001-1500
14,9-0616,71347,2014,Nissan,Altima,2.5 S,RED,218413,Yes,,2026-04-29,9,1100.0,$1001-1500
39,3-0024,66593,2017,Dodge,Grand Caravan,SXT,GRAY,146136,Yes,1.3,2026-04-29,3,1100.0,$1001-1500
22,9-0556,70348,2015,Audi,Q5,Premium Plus,WHITE,195667,Yes,0.0,2026-04-29,9,1100.0,$1001-1500
33,9-0543,67173,2013,Honda,Civic,Sdn LX,BLUE,146058,Yes,1.1,2026-04-29,9,1100.0,$1001-1500
23,9-0604,71305,2015,Chevrolet,Equinox,LT,SILVER,147224,Yes,2.1,2026-04-29,9,1050.0,$1001-1500
28,9-0603,71304,2016,Chevrolet,Malibu,LT,GRAY,168349,Yes,1.6,2026-04-29,9,1050.0,$1001-1500
37,9-0519,69557,2013,GMC,Terrain,SLE,BLACK,178284,Yes,0.0,2026-04-29,9,1000.0,$751-1000
4,1-0010,71490,2011,Mazda,Mazda6,s Grand Touring,WHITE,152687,Yes,,2026-04-29,1,1000.0,$751-1000
29,4-0093,70932,2013,GMC,Acadia,SLT,SILVER,195699,Yes,2.9,2026-04-29,4,1000.0,$751-1000
20,9-0541,68860,2017,Nissan,Rogue,SL,GRAY,133513,Yes,1.7,2026-04-29,9,1000.0,$751-1000
25,9-0540,66438,2016,Kia,Soul,Base,GRAY,122223,Yes,1.4,2026-04-29,9,1000.0,$751-1000
5,5-0056,71688,2015,Ford,Fusion,SE,GRAY,166087,Yes,,2026-04-29,5,1000.0,$751-1000
28,2-0001,71335,2008,Acura,MDX,Tech/Pwr Tail Gate,WHITE,281851,Yes,2.6,2026-04-29,2,1000.0,$751-1000
28,5-0088,68040,2016,Chevrolet,Sonic,LT,GRAY,130490,Yes,3.1,2026-04-29,5,1000.0,$751-1000
5,9-0631,71220,2013,BMW,1-Series,128i,BLACK,1,Yes,,2026-04-29,9,1000.0,$751-1000
31,9-0548,70386,2019,Ford,Escape,S,SILVER,245645,Yes,1.6,2026-04-29,9,1000.0,$751-1000
7,1-0059,71676,2013,Ford,Edge,Limited,RED,252037,Yes,,2026-04-29,1,1000.0,$751-1000
26,9-0549,70336,2013,Dodge,Dart,GT,ORANGE,93325,Yes,1.1,2026-04-29,9,1000.0,$751-1000
30,5-0028,71410,2006,Hyundai,Sonata,GLS,BLACK,192084,Yes,1.8,2026-04-29,5,900.0,$751-1000
41,9-0524,67939,2015,Ford,Expedition,XLT,RED,198810,Yes,0.0,2026-04-29,9,900.0,$751-1000
6,9-0591,71631,2015,Chevrolet,Cruze,LT,SILVER,170945,Yes,,2026-04-29,9,850.0,$751-1000
35,9-0547,69294,2019,Hyundai,Elantra,SE,RED,223853,Yes,1.0,2026-04-29,9,800.0,$751-1000
45,9-0553,70463,2017,Ford,Fusion,SE,GRAY,142498,Yes,1.0,2026-04-29,9,800.0,$751-1000
46,9-0508,69231,2015,Ford,Fiesta,SE,BLUE,145858,Yes,0.0,2026-04-29,9,800.0,$751-1000
18,5-0091,71199,2016,Jeep,Compass,Sport,RED,140847,Yes,,2026-04-29,5,800.0,$751-1000
21,9-0538,69551,2016,Chevrolet,Trax,LS,BLACK,118057,Yes,1.2,2026-04-29,9,750.0,$501-750
25,9-0537,68768,2013,Chevrolet,Equinox,LS,WHITE,109650,Yes,1.4,2026-04-29,9,750.0,$501-750
5,9-0630,71095,2013,Honda,Pilot,EX-L,BURGUNDY,1,Yes,,2026-04-29,9,700.0,$501-750
26,9-0555,66872,2016,Chrysler,200,S,GRAY,147426,Yes,1.3,2026-04-29,9,700.0,$501-750
48,9-0633,71184,2013,Dodge,Dart,Limited,GRAY,211898,Yes,,2026-04-29,9,650.0,$501-750
40,9-0509,68446,2017,Dodge,Journey,SXT,SILVER,151316,Yes,0.0,2026-04-29,9,650.0,$501-750
7,9-0618,70253,2014,Chevrolet,Cruze,1LT,GREEN,136419,Yes,,2026-04-29,9,650.0,$501-750
51,3-0094,69854,2015,Jeep,Patriot,Sport,BLACK,237597,Yes,1.3,2026-04-29,3,600.0,$501-750
43,3-0095,69553,2016,Nissan,Altima,2.5 SV,BLUE,251638,Yes,1.3,2026-04-29,3,600.0,$501-750
33,9-0526,69251,2012,Mazda,Mazda6,i Sport,GRAY,246371,Yes,0.0,2026-04-29,9,600.0,$501-750
4,5-0200,70655,2002,Isuzu,Trooper,S,WHITE,157433,Yes,,2026-04-29,5,600.0,$501-750
28,9-0622,70432,2013,Dodge,Dart,Limited,BLACK,93373,Yes,2.3,2026-04-29,9,600.0,$501-750
7,9-0621,70975,2013,Ford,Taurus,Limited,RED,1,Yes,,2026-04-29,9,600.0,$501-750
21,9-0601,71303,2019,Chevrolet,Trax,LT,WHITE,1,Yes,3.5,2026-04-29,9,550.0,$501-750
27,9-0544,69298,2015,Hyundai,Sonata,2.4L Sport,SILVER,168259,Yes,1.0,2026-04-29,9,550.0,$501-750
40,2-0016,71333,2012,Hyundai,Santa Fe,GLS,RED,217609,Yes,2.0,2026-04-29,2,550.0,$501-750
28,9-0512,69397,2014,Buick,Verano,Convenience Group,BLACK,162394,Yes,0.0,2026-04-29,9,550.0,$501-750
22,9-0523,69321,2015,Buick,Verano,Convenience Group,WHITE,189053,Yes,0.0,2026-04-29,9,550.0,$501-750
6,9-0600,70981,2011,Jeep,Grand Cherokee,Laredo,GRAY,1,Yes,,2026-04-29,9,500.0,$0-500
5,9-0561,71633,2009,Chevrolet,Impala,3.9L LT,RED,204664,Yes,,2026-04-29,9,500.0,$0-500
30,9-0522,69340,2015,Chevrolet,Equinox,LS,BLACK,188935,Yes,0.0,2026-04-29,9,500.0,$0-500
34,9-0513,67747,2014,Chevrolet,Cruze,2LT,RED,163172,Yes,0.0,2026-04-29,9,500.0,$0-500
18,2-0087,71509,2008,Dodge,Caliber,SXT,SILVER,210961,Yes,,2026-04-29,2,500.0,$0-500
26,9-0550,70078,2013,Nissan,Rogue,SL,WHITE,183050,Yes,1.2,2026-04-29,9,500.0,$0-500
36,4-0071,70351,2017,Nissan,Sentra,S,GRAY,132682,Yes,1.3,2026-04-29,4,500.0,$0-500
26,2-0019,71322,2016,Ford,Focus,SE,RED,126379,Yes,3.8,2026-04-29,2,500.0,$0-500
