1,1,04-054-25,2015,Jeep,CHEROKEE,Black,1C4PJMBS2FW775990,9200.0,7405.0,0.0,0.0,199.0,517.0,9200.0,1079.0,8121.0,9200.0,0.0,4/17/25,,0.0
1,2,03-297-25,2018,Jeep,WRANGLER UNLIMI,White,1C4H1XDG0JW139964,16500.0,12231.0,0.0,0.0,199.0,2424.0,16500.0,1646.0,14854.0,16500.0,0.0,4/17/25,,0.0
1,3,03-012-25,2018,Jeep,GRAND CHEROKEE,White,1C4RJFBG2JC128712,13700.0,11275.0,0.0,0.0,0.0,1977.0,13700.0,448.0,13252.0,13700.0,0.0,4/17/25,,0.0
1,4,04-038-25,2021,Lincoln,NAUTILUS,Black,2LMPJ6K9XMBL11451,17900.0,12940.0,0.0,0.0,199.0,779.0,17900.0,3982.0,13918.0,17900.0,0.0,4/17/25,,0.0
1,5,03-029-25,2016,Nissan,MURANO,Black,5N1AZ2MG2GN122249,10240.0,6932.0,0.0,0.0,199.0,2606.0,10240.0,503.0,9737.0,10240.0,0.0,4/17/25,,0.0
1,6,03-406-25,2017,Infiniti,Qx80,Brown,JN8AZ2NF8H9646353,13840.0,11531.0,0.0,0.0,199.0,1447.0,13840.0,663.0,13177.0,13840.0,0.0,4/17/25,,0.0
2,1,02-139-25,2016,Ford,EXPLORER,White,1EM5K8D86GGC46658,8150.0,4790.0,0.0,0.0,199.0,3391.0,8150.0,-230.0,8380.0,8150.0,0.0,4/17/25,,0.0
2,2,04-100-25,2018,Hyundai,ELANTRA,T,KMHD84LF7JU466029,850.0,500.0,0.0,0.0,199.0,249.0,850.0,-98.0,,850.0,0.0,4/17/25,,0.0
2,3,12-245-24,2017,Subaru,OUTBACK,Gray,4S4BSANC3H3215194,7543.0,7543.0,0.0,0.0,0.0,42.0,7543.0,-42.0,7585.0,7543.0,0.0,4/17/25,,0.0
2,4,03-394-25,2018,Volkswagen,TIGUAN,Red,3VV3B7AX6JM031443,13800.0,7100.0,0.0,0.0,199.0,2333.0,13800.0,4168.0,9632.0,13800.0,0.0,4/17/25,,0.0
2,5,03-363-25,2022,Ford,EXPLORER,Silver,1EMSK8DH3NGB33413,21600.0,19585.0,0.0,0.0,199.0,1210.0,21600.0,606.0,20994.0,21600.0,0.0,4/17/25,,0.0
2,6,03-423-25,2020,Ford,EXPLORER,Black,1EMSK8DH2LGC02752,14200.0,12076.74,0.0,0.0,199.0,2069.0,14200.0,-144.74,14344.74,14200.0,0.0,4/17/25,,0.0
3,1,03-364-25,2023,Chevrolet,MALIBU,Blue,1G1ZD5ST0PF132076,12890.0,9945.0,0.0,0.0,199.0,1310.0,12890.0,1436.0,11454.0,12890.0,0.0,4/17/25,,0.0
3,2,03-186-25,2019,Lincoln,NAUTILUS,Beige,2LMPJ8L94KBL36594,19190.0,16082.0,0.0,0.0,199.0,3970.0,19190.0,-1061.0,20251.0,19190.0,0.0,4/17/25,,0.0
3,3,04-034-25,2020,GMC,ACADIA,Gray,1GKKNULS5SLZ11881,20740.0,18320.0,0.0,0.0,199.0,887.0,20740.0,1334.0,19406.0,20740.0,0.0,4/17/25,,0.0
3,4,04-025-25,2022,Ford,ESCAPE,Silver,1EMCU0G68NUA43699,12390.0,10440.0,0.0,0.0,199.0,1102.0,12390.0,649.0,11741.0,12390.0,0.0,4/17/25,,0.0
3,5,04-027-25,2018,Ford,EXPLORER,Black,1EM5K8F88JGC23807,13800.0,12600.0,0.0,0.0,199.0,781.0,13800.0,220.0,13580.0,13800.0,0.0,4/17/25,,0.0
3,6,04-042-25,2016,Nissan,ROGUE,White,5N1AT2MV2GC812997,8450.0,8915.0,0.0,0.0,0.0,12.0,8450.0,-477.0,8927.0,8450.0,0.0,4/17/25,,0.0
1,1,03-438-25,2023,Chevrolet,SILVERADO 1500,G,1GCPAEED4PZ112505,38915.0,36867.0,0.0,0.0,199.0,1177.0,38915.0,672.0,38243.0,38915.0,0.0,5/09/25,,0.0
1,2,04-093-25,2021,Chevrolet,SILVERADO 1500,B,1GCUYHEL6MZ246127,40865.0,38415.0,0.0,0.0,199.0,1329.0,40865.0,922.0,39943.0,40865.0,0.0,5/09/25,,0.0
1,3,04-287-25,2019,Chevrolet,SILVERADO 1500,B,1GCRYDED9KZ216706,25765.0,22445.0,0.0,0.0,199.0,1281.0,25765.0,1840.0,23925.0,25765.0,0.0,5/09/25,,0.0
1,4,04-231-25,2019,Chevrolet,SILVERADO 1500,W,1GCRYEED9KZ259514,24465.0,23464.0,0.0,0.0,199.0,315.0,24465.0,487.0,23978.0,24465.0,0.0,5/09/25,,0.0
1,5,04-107-25,2017,Chevrolet,SILVERADO 1500,W,3GCUKTEJ0HG109984,25865.0,25415.0,0.0,0.0,0.0,889.0,25865.0,-439.0,26304.0,25865.0,0.0,5/09/25,,0.0
1,6,05-023-25,2021,Tesla,MODEL 3,White,5YJ3E1EA2MF913338,20800.0,18445.0,0.0,0.0,199.0,1846.0,20800.0,310.0,20490.0,20800.0,0.0,5/12/25,MANHEIM NASHVILLE,0.0
2,1,03-098-25,2020,Ford,TRANSIT,Gray,1FTBR3X87LKA53329,23000.0,20295.0,0.0,0.0,199.0,3464.0,23000.0,-958.0,23958.0,23000.0,0.0,5/13/25,,0.0
2,2,05-084-25,2021,RAM,2500,White,3C6URSCJ1MG516014,27500.0,25745.0,0.0,0.0,199.0,899.0,27500.0,657.0,26843.0,27500.0,0.0,5/13/25,,0.0
2,3,04-118-25,2025,GMC,SIERRA,White,1GT4UREY4SF102703,74000.0,58910.0,0.0,0.0,199.0,7530.0,74000.0,7361.0,66639.0,74000.0,0.0,5/13/25,,0.0
2,4,03-359-25,2018,Ford,F150,White,1FTEW1E5S9JKF1567,19000.0,14030.0,0.0,0.0,199.0,3884.0,19000.0,887.0,18113.0,19000.0,0.0,5/13/25,,0.0
2,5,04-272-25,2017,Cadillac,ESCALADE,Blue,1GYS4CKJXHR172901,27500.0,25785.0,0.0,0.0,199.0,1260.0,27500.0,256.0,27244.0,27500.0,0.0,5/13/25,,0.0
2,6,04-253-25,2022,Chevrolet,COLORADO,Black,1GCHSCEA4N1150520,16500.0,14370.0,0.0,0.0,199.0,911.0,16500.0,1020.0,15480.0,16500.0,0.0,5/13/25,,0.0
3,1,04-251-25,2022,Chevrolet,COLORADO,Gray,1GCHSCEASN1181128,13500.0,11570.0,0.0,0.0,199.0,859.0,13500.0,872.0,12628.0,13500.0,0.0,5/13/25,,0.0
3,2,04-209-25,1999,Mercedes-Benz,SL,Red,WDBFA76F7XF172902,12875.0,10910.0,0.0,0.0,199.0,488.0,12875.0,1278.0,11597.0,12875.0,0.0,5/13/25,MANHEIM NASHVILLE,0.0
3,3,04-226-25,2018,Ford,EXPLORER,Black,1EM5K7FH5JGC02701,18000.0,15045.0,0.0,0.0,199.0,1598.0,18000.0,1158.0,16842.0,18000.0,0.0,5/13/25,,0.0
3,4,04-055-25,2018,Subaru,CROSSTREK,Blue,JF2GTALC1J8231995,10550.0,6850.0,0.0,0.0,199.0,1282.0,10550.0,2219.0,8331.0,10550.0,0.0,5/14/25,,0.0
3,5,01-047-25,2021,Kia,SPORTAGE,Black,KNDPMCAC6M7919642,6250.0,6200.0,0.0,0.0,0.0,50.0,6250.0,0.0,6250.0,6250.0,0.0,5/14/25,,0.0
3,6,04-045-25,2020,Acura,MDX,White,5J8YD4H52LL056105,23400.0,21125.0,0.0,0.0,199.0,2094.0,23400.0,-18.0,23418.0,23400.0,0.0,5/15/25,,0.0
1,1,04-191-25,2020,Buick,ENCORE,Black,KL4CJASB8LB054972,8900.0,6345.0,0.0,0.0,199.0,1755.0,8900.0,601.0,8299.0,8900.0,0.0,6/05/25,,0.0
1,2,03-360-25,2020,Chevrolet,EQUINOX,Blue,2GNAXKEV3L6210790,10400.0,7735.0,0.0,0.0,199.0,3104.0,10400.0,-638.0,11038.0,10400.0,0.0,6/05/25,,0.0
1,3,04-235-25,2015,Chevrolet,EQUINOX,White,2GNALBEK1F6304317,5900.0,4805.0,0.0,0.0,199.0,1554.0,5900.0,-658.0,6558.0,5900.0,0.0,6/05/25,,0.0
1,4,05-311-25,2023,Chevrolet,SILVERADO 1500,B,3GCUDDED8PG347610,35400.0,33260.0,0.0,0.0,199.0,1880.0,35400.0,61.0,35339.0,35400.0,0.0,6/05/25,,0.0
1,5,03-211-25,2021,Chevrolet,TRAVERSE,Silver,1GNERFKWXMJ190526,18900.0,11006.0,0.0,0.0,199.0,4753.0,18900.0,2942.0,15958.0,18900.0,0.0,6/05/25,,0.0
1,6,05-278-25,2018,Chevrolet,TRAVERSE,Gray,1GNERKKW8JJ221857,12690.0,10606.0,0.0,0.0,199.0,1478.0,12690.0,407.0,12283.0,12690.0,0.0,6/05/25,,0.0
2,1,05-321-25,2022,Dodge,CHALLENGER,Red,2C3CDZJG6NH143544,23775.0,21120.0,0.0,0.0,199.0,1526.0,23775.0,930.0,22845.0,23775.0,0.0,6/05/25,,0.0
2,2,05-344-25,2022,Ford,EDGE,Silver,2EMPK4K93NBA81363,13500.0,10170.0,0.0,0.0,199.0,581.0,13500.0,2550.0,10950.0,13500.0,0.0,6/05/25,,0.0
2,3,05-167-25,2018,Jeep,RENEGADE,White,ZACCJABB7JPG90145,9190.0,7355.0,0.0,0.0,199.0,871.0,9190.0,765.0,8425.0,9190.0,0.0,6/05/25,,0.0
2,4,05-354-25,2020,Nissan,LEAF,Silver,1N4AZ1CPXLC304017,9400.0,7960.0,0.0,0.0,199.0,941.0,9400.0,300.0,9100.0,9400.0,0.0,6/05/25,,0.0
2,5,05-277-25,2017,RAM,1500,Green,3C6RR7LT6HG665818,15590.0,10506.0,0.0,0.0,199.0,1817.0,15590.0,3068.0,12522.0,15590.0,0.0,6/05/25,,0.0
2,6,05-359-25,2018,Subaru,LEGACY,White,4S3BNAF62J3021427,11550.0,11770.0,0.0,0.0,199.0,667.0,11550.0,-1086.0,12636.0,11550.0,0.0,6/05/25,,0.0
3,1,03-177-25,2019,Chevrolet,SILVERADO 1500,W,3GCUYDEDXKG147664,24415.0,21425.0,0.0,0.0,199.0,3061.0,24415.0,-270.0,24685.0,24415.0,0.0,6/05/25,,0.0
3,2,05-309-25,2018,Chevrolet,SILVERADO 1500,W,3GCUKREC8JG135467,20865.0,19479.0,0.0,0.0,199.0,844.0,20865.0,343.0,20522.0,20865.0,0.0,6/05/25,,0.0
3,3,04-203-25,2021,Chevrolet,TAHOE,Black,1GNSKPKD1MR366747,36565.0,32740.0,0.0,0.0,199.0,3077.0,36565.0,549.0,36016.0,36565.0,0.0,6/05/25,,0.0
3,4,04-136-25,2020,Ford,F150,Gray,1FTEW1EB0LFB70994,19165.0,16725.0,0.0,0.0,199.0,2607.0,19165.0,-366.0,19531.0,19165.0,0.0,6/05/25,,0.0
3,5,05-285-25,2019,Ford,F150,White,1FTEW1ES4KKD59468,19115.0,13930.0,0.0,0.0,199.0,2598.0,19115.0,2388.0,16727.0,19115.0,0.0,6/05/25,,0.0
3,6,05-129-25,2018,GMC,SIERRA,White,3GTU2NEC2JG451990,28365.0,25167.0,0.0,0.0,199.0,1708.0,28365.0,1291.0,27074.0,28365.0,0.0,6/05/25,,0.0
1,1,06-082-25,2019,GMC,SIERRA,Black,1GTU9FEL6KZ408739,35725.0,34010.0,0.0,0.0,199.0,1706.0,35725.0,-190.0,35915.0,35725.0,0.0,6/27/25,MANHEIM NASHVILLE,0.0
1,2,09-191-24,2013,Chevrolet,CORVETTE,Gray,1G1YN2DT9D5800446,71750.0,58672.24,0.0,0.0,0.0,3279.0,71750.0,9798.76,61951.24,71750.0,0.0,6/27/25,,0.0
1,3,03-272-25,2013,Ford,FLEX,Red,2FMHK6C89DBD35811,9899.0,5189.0,0.0,0.0,199.0,1817.0,9899.0,2694.0,7205.0,9899.0,0.0,6/27/25,,0.0
1,4,03-433-25,2022,Kia,NIRO,Red,KNDCB3LC7N5527526,14875.0,10820.0,0.0,0.0,199.0,2448.0,14875.0,1408.0,13467.0,14875.0,0.0,6/28/25,MANHEIM NASHVILLE,0.0
1,5,05-303-25,2023,Ford,ESCAPE,Gray,1EMCU9GN2PUA03519,14500.0,12310.0,0.0,0.0,199.0,2103.0,14500.0,-112.0,14612.0,14500.0,0.0,6/28/25,,0.0
1,6,06-182-25,2019,Ford,F150,Gray,1FTEW1E44KKE73901,26000.0,18560.0,0.0,0.0,199.0,3133.0,26000.0,4108.0,21892.0,26000.0,0.0,6/28/25,,0.0
2,1,06-114-25,2024,Volkswagen,ATLAS,Silver,1V2HR2CA3RC539490,30000.0,26495.0,0.0,0.0,199.0,3132.0,30000.0,174.0,29826.0,30000.0,0.0,6/28/25,,0.0
2,2,05-392-25,2024,Toyota,RAV4,Silver,2T3C1RFV2RW315702,29500.0,29215.0,0.0,0.0,199.0,1338.0,29500.0,-1252.0,30752.0,29500.0,0.0,6/28/25,,0.0
2,3,06-261-25,2023,GMC,ACADIA,White,1GKKNULSXPZ131073,19900.0,18900.0,0.0,0.0,199.0,432.0,19900.0,369.0,19531.0,19900.0,0.0,6/28/25,,0.0
2,4,03-338-25,2021,Volvo,XC90,Blue,YV4BR00K9M1683958,30200.0,25990.0,0.0,0.0,199.0,2573.0,30200.0,1438.0,28762.0,30200.0,0.0,6/30/25,,0.0
2,5,05-192-25,2024,Toyota,TACOMA,Silver,3TMKBSFNSRM011380,38250.0,35885.0,0.0,0.0,199.0,2253.0,38250.0,-87.0,38337.0,38250.0,0.0,6/30/25,,0.0
2,6,06-111-25,2019,RAM,1500,Red,1C6RRELT3KN748156,28539.0,28539.0,0.0,0.0,0.0,50.0,28539.0,-50.0,28589.0,28539.0,0.0,7/01/25,,0.0
3,1,06-259-25,2019,RAM,1500,White,1C6SRFJTSKN703889,28600.0,25580.0,0.0,0.0,199.0,1832.0,28600.0,989.0,27611.0,28600.0,0.0,7/01/25,ADESA,0.0
3,2,05-301-25,2017,Chevrolet,SILVERADO 1500,W,3GCUKSEJSHG175618,24500.0,21315.0,0.0,0.0,199.0,1909.0,24500.0,1077.0,23423.0,24500.0,0.0,7/01/25,,0.0
3,3,06-193-25,2015,GMC,SIERRA,Black,3GTU2WEJSFG324131,25000.0,19910.0,0.0,0.0,199.0,3120.0,25000.0,1771.0,23229.0,25000.0,0.0,7/01/25,,0.0
3,4,07-226-24,2019,Chevrolet,SUBURBAN,Pewter,1GNSKJKCXKR169917,23000.0,23015.0,0.0,0.0,199.0,3995.0,23000.0,-4209.0,27209.0,23000.0,0.0,7/01/25,,0.0
3,5,05-053-25,2014,Ford,F150,White,1FTFW1R61EFC06180,24800.0,23144.0,0.0,0.0,199.0,2854.0,24800.0,-1397.0,26197.0,24800.0,0.0,7/01/25,MANHEIM NASHVILLE,0.0
3,6,06-208-25,2017,Ford,EDGE,Gray,2EMPK4K96HBB57646,10800.0,7876.0,0.0,0.0,199.0,934.0,10800.0,1791.0,9009.0,10800.0,0.0,7/01/25,ADESA,0.0
1,1,06-156-25,2023,Chevrolet,MALIBU,White,1G1ZD5STSPF170483,17320.0,17320.0,0.0,0.0,0.0,42.0,17320.0,-42.0,17362.0,17320.0,0.0,7/25/25,,0.0
1,2,06-126-25,2022,Chevrolet,MALIBU,Blue,1G1ZD5ST3NF193449,12100.0,12100.0,0.0,0.0,0.0,42.0,12100.0,-42.0,12142.0,12100.0,0.0,7/25/25,,0.0
1,3,06-262-25,2018,Ford,F150,Black,1FTEW1EG0JFA76272,23667.0,23667.0,0.0,0.0,0.0,40.0,23667.0,-40.0,23707.0,23667.0,0.0,7/25/25,,0.0
1,4,07-128-25,2019,Ford,F350,White,1FD8W3HT1KEC41617,33299.0,28191.74,0.0,0.0,199.0,2363.0,33299.0,2545.26,30753.74,33299.0,0.0,7/25/25,MANHEIM NASHVILLE,0.0
1,5,07-187-25,2015,GMC,YUKON,White,1GKS2CKJXFR187055,16000.0,12900.0,0.0,0.0,199.0,700.0,16000.0,2201.0,13799.0,16000.0,0.0,7/25/25,,0.0
1,6,07-013-25,2018,GMC,YUKON,White,1GKS1BKC7JR169734,24500.0,20225.0,0.0,0.0,199.0,2422.0,24500.0,1654.0,22846.0,24500.0,0.0,7/25/25,,0.0
2,1,07-301-25,2023,Mitsubishi,OUTLANDER,White,JA4T5UA91PZ046357,23000.0,21200.0,0.0,0.0,199.0,665.0,23000.0,936.0,22064.0,23000.0,0.0,7/25/25,,0.0
2,2,07-203-25,2021,Mercedes-Benz,GLA,Silver,W1N4NS5BB4MJ24054,26700.0,26000.0,0.0,0.0,199.0,388.0,26700.0,113.0,26587.0,26700.0,0.0,7/25/25,,0.0
2,3,07-265-25,2018,Nissan,ROGUE,White,KNMAT2MT5JP621920,6135.0,6135.0,0.0,0.0,0.0,50.0,6135.0,-50.0,6185.0,6135.0,0.0,7/25/25,,0.0
2,4,07-293-25,2018,Chevrolet,TRAX,White,KL7CJPSB9JB608961,3645.0,3645.0,0.0,0.0,0.0,,3645.0,150.0,3495.0,3645.0,0.0,7/25/25,,0.0
2,5,05-040-25,2013,Chevrolet,SILVERADO 1500,B,3GCPKTE77DG190168,17250.0,17915.0,0.0,0.0,199.0,1081.0,17250.0,-1945.0,19195.0,17250.0,0.0,7/25/25,,0.0
2,6,07-142-25,2023,Cadillac,XT4,Black,1GYFZCR40PF174269,23800.0,21220.0,0.0,0.0,199.0,1550.0,23800.0,831.0,22969.0,23800.0,0.0,7/26/25,,0.0
3,1,05-148-25,2023,Cadillac,ESCALADE,Black,1GYS4BKL6PR309147,62900.0,63009.0,0.0,0.0,199.0,3547.0,62900.0,-3855.0,66755.0,62900.0,0.0,7/26/25,,0.0
3,2,07-054-25,2022,Dodge,CHARGER,Red,2C3CDXBGXNH196816,20200.0,18320.0,0.0,0.0,199.0,1366.0,20200.0,315.0,19885.0,20200.0,0.0,7/26/25,,0.0
3,3,06-229-25,2019,Chevrolet,COLORADO,Black,1GCGTCEN8K1182698,21200.0,18885.0,0.0,0.0,199.0,2058.0,21200.0,58.0,21142.0,21200.0,0.0,7/26/25,,0.0
3,4,07-071-25,2018,Subaru,OUTBACK,Blue,4S4BSENC8J3366142,14500.0,13031.0,0.0,0.0,199.0,1167.0,14500.0,103.0,14397.0,14500.0,0.0,7/26/25,,0.0
3,5,07-159-25,2024,Kia,SORENTO,Black,5XYRL4JC5RG270282,25500.0,23920.0,0.0,0.0,199.0,1529.0,25500.0,-148.0,25648.0,25500.0,0.0,7/26/25,,0.0
3,6,07-032-25,2019,Ford,RANGER,White,1FTER4EH9KLA81258,18000.0,14357.0,0.0,0.0,199.0,2250.0,18000.0,1194.0,16806.0,18000.0,0.0,7/26/25,,0.0
1,1,08-080-25,2018,Chevrolet,SILVERADO 1500,W,3GCUKSEC0JG402513,24500.0,18206.0,0.0,0.0,199.0,974.0,24500.0,5121.0,19379.0,24500.0,0.0,8/25/25,,0.0
1,2,07-303-25,2019,Chevrolet,TAHOE,Gray,1GNSCBKC3KR380721,21000.0,17182.0,0.0,0.0,199.0,2569.0,21000.0,1050.0,19950.0,21000.0,0.0,8/25/25,,0.0
1,3,07-353-25,2023,Nissan,ROGUE,Silver,5N1BT3BA3PC777851,15200.0,10055.0,0.0,0.0,199.0,4105.0,15200.0,841.0,14359.0,15200.0,0.0,8/25/25,,0.0
1,4,07-218-25,2018,Tesla,MODEL 3,Blue,5YJ3E1EB7JF112571,20800.0,17570.0,0.0,0.0,199.0,2454.0,20800.0,577.0,20223.0,20800.0,0.0,8/25/25,MANHEIM NASHVILLE,0.0
1,5,08-077-25,2023,Toyota,HIGHLANDER,White,,27800.0,24615.0,0.0,0.0,199.0,1143.0,27800.0,1843.0,25957.0,27800.0,0.0,8/25/25,MANHEIM NASHVILLE,0.0
1,6,08-095-25,2020,GMC,YUKON XL,Gray,1GKS1HKJ0LR171412,24900.0,20665.0,0.0,0.0,199.0,2479.0,24900.0,1557.0,23343.0,24900.0,0.0,8/25/25,,0.0
2,1,07-211-25,2018,Chevrolet,SILVERADO 1500,R,3GCUKSEC0JG533067,28500.0,21170.0,0.0,0.0,199.0,3364.0,28500.0,3767.0,24733.0,28500.0,0.0,8/25/25,,0.0
2,2,04-289-25,2018,Ford,EXPLORER,Red,1EMSK8HT8JGB85772,22500.0,17282.0,0.0,0.0,199.0,5803.0,22500.0,-784.0,23284.0,22500.0,0.0,8/25/25,,0.0
2,3,08-001-25,2019,Buick,ENCORE,Brown,KL4CJESB0KB886182,12400.0,7796.74,0.0,0.0,199.0,2302.0,12400.0,2102.26,10297.74,12400.0,0.0,8/25/25,,0.0
2,4,05-250-25,2015,Chevrolet,SILVERADO 2500,W,1GC1KVE80FF551805,24500.0,20755.0,0.0,0.0,199.0,3191.0,24500.0,355.0,24145.0,24500.0,0.0,8/25/25,,0.0
2,5,07-329-25,2024,Ford,F250,Gray,1FT8W2BT6REE74586,71500.0,68625.0,0.0,0.0,199.0,2092.0,71500.0,584.0,70916.0,71500.0,0.0,8/25/25,,0.0
2,6,07-205-25,2024,Genesis,GV80,Black,KMUHBDSB3RU208590,40000.0,38509.0,0.0,0.0,199.0,1322.0,40000.0,-30.0,40030.0,40000.0,0.0,8/25/25,,0.0
3,1,06-129-25,2023,Toyota,TUNDRA,Black,STEMASDB0PX093093,50200.0,48595.0,0.0,0.0,199.0,3879.0,50200.0,-2473.0,52673.0,50200.0,0.0,8/25/25,,0.0
3,2,08-053-25,2023,Chevrolet,MALIBU,Black,1G1ZC5ST8PF207304,6195.0,6195.0,0.0,0.0,0.0,50.0,6195.0,-50.0,6245.0,6195.0,0.0,8/26/25,,0.0
3,3,08-099-25,2023,Toyota,TACOMA,Blue,3TMCZSANSPM581576,37500.0,34670.0,0.0,0.0,199.0,1509.0,37500.0,1122.0,36378.0,37500.0,0.0,8/26/25,,0.0
3,4,08-156-25,2018,Volkswagen,TIGUAN,Green,3VV3B7AX0JM018199,9800.0,8765.0,0.0,0.0,199.0,295.0,9800.0,541.0,9259.0,9800.0,0.0,8/26/25,ADESA,0.0
3,5,07-331-25,2020,Chevrolet,TRAVERSE,White,1GNERFKW6LJ164021,20500.0,18775.0,0.0,0.0,199.0,1540.0,20500.0,-14.0,20514.0,20500.0,0.0,8/26/25,ADESA,0.0
3,6,08-043-25,2022,Dodge,CHARGER,White,2C3CDXBG9NH194801,19200.0,17420.0,0.0,0.0,199.0,1948.0,19200.0,-367.0,19567.0,19200.0,0.0,8/26/25,ADESA,0.0
